"Interest.Rate","FICO.Score","Loan.Length","Monthly.Income","Loan.Amount"
"6",15.31,670,36,4891.67,6000
"11",19.72,670,36,3575,2000
"12",14.27,665,36,4250,10625
"13",21.67,670,60,14166.67,28000
"21",21.98,665,36,6666.67,22000
"23",17.99,665,60,4100,6500
"25",16.82,670,60,4500,4000
"40",12.49,660,36,3448.33,2400
"41",17.27,670,36,2500,3200
"43",19.13,660,36,12000,5500
"44",21.74,660,36,3700,15650
"48",23.91,670,60,11250,20000
"52",17.44,660,36,7952,3000
"54",21.49,665,60,4166.67,22250
"57",12.98,670,36,1100,2500
"64",15.8,665,36,3250,9000
"74",17.27,665,36,4583.33,12000
"75",15.31,670,36,3833.33,6000
"76",13.12,670,36,5000,6725
"79",17.77,665,36,2500,10000
"91",16.29,665,36,2000,7925
"93",15.81,670,36,2666.67,9525
"99",19.72,665,36,4166.67,10375
"100",18.75,670,36,5833.33,4800
"114",13.99,660,36,5000,5750
"132",16.32,665,36,4600,7500
"136",16.4,660,36,4166.67,7500
"142",23.28,660,60,7083.33,18000
"147",17.27,660,36,3833.33,3000
"151",21.49,670,36,12500,30000
"159",18.25,660,36,5000,15000
"160",17.77,665,36,3333.33,7000
"163",14.33,665,36,5000,15000
"170",15.23,665,36,4583.33,6000
"185",19.05,670,36,2916.67,4375
"189",18.49,660,36,2000,7000
"194",19.47,665,36,5000,7000
"200",14.09,670,36,2666.67,6000
"201",15.8,665,36,3750,5000
"215",17.77,665,36,2000,8325
"223",22.47,665,36,1333.33,4750
"225",18.67,660,60,1750,5500
"229",24.89,665,60,4000,18000
"231",15.31,670,36,2530,2500
"232",19.91,660,60,5500,7200
"233",14.33,670,36,3941.58,8000
"234",20.77,665,60,6000,25000
"235",14.09,665,36,2666.67,2500
"255",16.89,670,36,2880,7550
"257",14.09,670,36,5083.33,6000
"259",14.59,665,36,5000,3000
"260",16.29,665,36,3750,8000
"273",17.27,665,36,4025.67,6000
"274",15.27,670,36,4480,10000
"275",17.49,665,36,2917,3200
"277",11.54,670,36,3416.67,5000
"281",15.8,665,36,2166.67,1200
"285",16.29,670,36,5250,18000
"292",15.8,670,36,5000,6000
"295",14.12,655,36,3750,3500
"300",12.92,665,36,3333,5000
"301",18.67,660,60,2500,8000
"315",17.77,665,36,3083.33,12000
"317",20.49,660,36,6000,31075
"323",19.72,665,36,7965,20000
"324",15.96,665,36,4416.67,10000
"325",20.49,660,36,3033.33,9750
"329",14.22,670,36,8583,5000
"331",15.31,670,36,2916.67,8325
"340",22.47,660,60,4583.33,18000
"356",14.65,670,36,3250,2225
"366",19.05,660,36,5000,14000
"372",17.77,660,36,2708.33,10850
"376",22.95,665,36,884.9,1000
"391",15.31,665,36,2302,8875
"394",18.75,670,36,4500,21250
"396",14.33,670,36,3333.33,12000
"407",22.47,670,60,5083.33,22000
"413",15.8,665,36,6612,5000
"427",13.11,670,36,4166.67,6000
"443",19.05,660,36,3333.33,8000
"452",21,670,36,8333.33,25000
"458",15.31,665,36,2166.67,1000
"462",13.11,670,36,1833.33,1000
"466",19.05,660,36,4583.33,12000
"473",22.95,670,60,20833.33,21000
"478",23.28,660,60,4333.33,20500
"479",18.25,665,36,6250,10000
"485",14.09,665,36,3833.33,5600
"487",19.72,665,60,4750,25450
"496",15.31,670,36,7500,6000
"499",15.31,670,36,5000,5775
"501",17.27,670,36,2833.33,8000
"510",13.16,670,36,3500,1000
"525",14.84,670,36,2500,4800
"526",15.96,665,36,5583.33,6000
"528",15.31,670,36,6416.67,1800
"531",11.14,670,36,6833.33,15300
"533",17.77,665,36,4583.33,10500
"534",17.77,660,36,10268.25,6625
"535",22.47,665,60,4791.67,16000
"539",13.06,670,36,7083.33,1500
"544",17.77,670,36,2083.33,8000
"551",21,670,36,7702,35000
"555",19.05,660,36,7500,5500
"557",14.09,670,36,10625,5000
"562",22.47,665,60,5000,25000
"565",17.27,670,36,5833.33,8000
"570",18.49,670,36,3166.67,7625
"582",15.31,665,36,7083.33,5000
"584",16.77,660,36,3750,8000
"595",15.96,660,36,3264,6000
"601",15.23,670,36,2916.67,4000
"603",15.31,665,36,2500,10000
"631",12.42,670,36,2500,6000
"649",14.7,640,36,6500,6000
"662",16.77,660,36,2916.67,10000
"666",17.49,670,60,5445,12000
"671",13.35,665,36,5000,6000
"675",15.95,665,36,1500,2500
"683",14.11,670,36,4167,9000
"690",23.33,665,60,7083.33,30000
"691",14.09,660,36,8750,10000
"694",13.72,665,36,7758.33,8000
"697",13.43,670,36,11500,4500
"702",15.45,640,36,7083.33,8400
"704",19.22,665,36,4166.67,12000
"705",16.89,665,36,6166.67,12100
"709",18.75,665,36,2916.67,12250
"710",17.77,665,36,2500,10000
"713",18.55,660,36,7968.75,13100
"716",13.11,670,36,4166.67,18000
"719",12.12,665,36,3333.33,18000
"720",17.77,665,36,7500,12000
"727",13.49,670,36,3200,1600
"730",17.77,670,36,3416.67,12825
"740",17.27,665,36,2500,8575
"743",14.33,670,36,5666.67,10500
"745",15.8,670,36,3333.33,15000
"747",21.49,660,36,7750,20000
"753",23.76,665,60,6250,27825
"757",15.31,670,36,2766.67,2000
"763",14.65,665,36,5000,4800
"765",21.97,670,60,2833.33,16450
"767",17.27,665,36,5833.33,2500
"768",18.49,660,36,4166.67,8000
"776",15.33,660,36,7500,18500
"778",15.99,665,36,2416.67,5000
"782",16.89,660,36,3400,2000
"785",13.11,670,36,2583.33,3000
"789",22.78,665,60,12500,20000
"791",17.27,670,36,3750,2000
"793",18.55,670,36,4833.33,17975
"797",15.27,670,36,7083.33,12000
"798",21.48,665,60,2833.33,16750
"801",15.21,670,36,7083,10000
"811",14.33,670,36,7500,24000
"812",18.49,660,36,5000,7000
"814",19.03,670,60,3616,14000
"821",16.29,660,36,8750,5000
"822",12.98,665,36,3250,5000
"830",17.27,660,36,2752.92,6000
"842",20.5,670,36,7301.58,25000
"847",17.27,670,36,6000,8000
"857",16.35,665,36,7500,17600
"867",14.72,660,36,866.67,4750
"869",23.76,660,60,6928.13,30000
"879",14.27,665,36,7500,10000
"880",13.11,670,36,3500,5450
"882",17.27,670,36,2817.5,9750
"898",15.33,670,36,3083.33,10500
"899",18.49,670,36,3916.67,2500
"901",13.75,665,36,1000,3000
"906",11.14,670,36,6666.67,4000
"913",17.77,665,36,4750,7000
"914",15.31,670,36,4166.67,10000
"921",19.91,670,60,7916.67,20000
"927",19.74,660,60,5833.33,15000
"936",12.84,670,36,2860,1900
"958",18.25,660,36,1700,1200
"962",12.12,665,36,7500,10000
"966",15.31,670,36,4625,4400
"973",18.75,665,36,13333.33,12000
"988",17.27,670,36,1666.67,2000
"990",22.47,660,60,4000,16800
"991",17.27,660,36,2750,3000
"992",12.69,665,36,7083,3500
"998",20.77,670,60,4000,19750
"1019",20.49,660,36,4166.67,14400
"1036",14.96,670,36,1700,4000
"1037",17.99,660,36,5129,12000
"1044",15.31,665,36,3333.33,12000
"1046",14.72,670,36,6833,7000
"1056",24.33,670,60,11250,30000
"1063",19.05,665,36,5000,15000
"1070",23.28,660,60,4300,16250
"1072",15.31,660,36,9000,30000
"1077",19.05,670,60,13125,27575
"1088",14.65,670,36,3666.67,3800
"1090",17.27,670,36,2500,7200
"1107",23.63,660,60,11666.67,24000
"1112",19.91,670,60,4333.33,9000
"1114",17.77,665,36,2916.67,6625
"1116",14.27,670,36,2495.83,3825
"1124",22.78,660,36,8791.67,30000
"1127",15.31,670,36,6041.67,10000
"1135",16.77,670,36,8750,3600
"1137",20.49,660,60,3166.67,4200
"1138",14.61,665,36,6333.33,4200
"1139",21.74,660,60,5583.33,11200
"1151",18.49,660,36,5746,12000
"1164",14.82,655,36,6083.33,5600
"1170",17.77,670,36,4333.33,15000
"1178",20.49,660,36,4833.33,18650
"1180",16.77,670,36,12083.33,14000
"1182",17.56,670,60,5000,14400
"1196",22.47,670,60,5666.67,19200
"1200",15.31,665,36,3333.33,12000
"1209",17.77,665,36,1666.67,6000
"1223",14.17,670,36,5416.67,9600
"1230",17.77,670,36,3250,7200
"1236",17.49,670,60,2609,3200
"1248",15.96,660,36,6916.67,6000
"1250",14.82,645,36,4500,7200
"1264",17.27,665,36,2916.67,10000
"1268",15.31,665,36,9000,10000
"1272",14.27,670,36,5000,5000
"1273",19.69,665,60,3376,12000
"1277",18.25,660,36,8750,10500
"1282",21.98,660,36,4500,9500
"1303",14.59,660,36,6000,4500
"1304",22.45,665,60,1416.67,5800
"1305",14.7,645,36,5416.67,10000
"1308",15.62,670,36,7500,10000
"1313",23.76,665,60,7331.25,35000
"1321",18.49,670,36,4400,15350
"1336",19.05,660,36,5166.67,27575
"1345",15.8,670,36,5666.67,15350
"1350",13.67,670,36,4250,1800
"1353",16.29,660,36,5666.67,12000
"1355",13.67,665,36,4166.67,4950
"1358",16.29,665,36,7083.33,12000
"1359",22.47,660,60,5562.92,18000
"1372",15.8,670,36,2500,6000
"1376",16.29,660,36,4583.33,5000
"1385",15.13,645,36,11666.67,7675
"1394",13.24,660,36,4833,5000
"1402",17.58,660,36,5000,18225
"1406",13.87,670,36,4167,11000
"1408",12.12,670,36,7500,24000
"1413",16.71,660,36,5333.33,20000
"1422",16.29,670,36,2916.67,12000
"1426",13.49,670,36,3750,9425
"1429",18.39,660,36,5166.67,9600
"1437",12.61,665,36,6476,3200
"1439",24.7,660,60,10000,35000
"1441",16.29,660,36,2666.67,1600
"1443",17.99,670,36,8583.33,8000
"1448",14.61,665,36,3083.33,5000
"1453",14.33,670,36,2916.67,9450
"1454",20.25,665,60,4333.33,15175
"1459",17.77,665,36,2583.33,8500
"1460",14.27,670,36,3833,3000
"1470",15.62,660,36,6833.33,3500
"1471",18.79,660,60,4448,9250
"1475",21.48,665,60,6500,18000
"1482",11.49,670,36,4666.67,1000
"1488",18.49,660,36,6000,32350
"1491",11.14,665,36,11666.67,5600
"1492",23.76,660,60,7458.33,21000
"1495",13.99,670,36,5750,3600
"1505",17.27,665,36,5000,11000
"1506",15.31,670,36,3333.33,8500
"1527",15.31,670,36,2666.67,7000
"1528",17.27,665,36,4166.67,12000
"1541",16.29,670,36,4166.67,2000
"1544",16.29,665,36,5000,15000
"1552",17.99,660,36,7750,8000
"1553",17.27,665,36,1833.33,8000
"1554",15.31,660,36,11833.33,6000
"1558",21.14,660,60,9166.67,24000
"1579",20.99,670,60,9051.83,18000
"1581",12.69,670,36,1800,5500
"1583",16.29,660,36,2666.67,5400
"1592",19.99,660,36,2500,4800
"1598",15.27,660,36,2500,5300
"1602",23.76,665,60,5416.67,16000
"1610",12.86,670,36,2824,3200
"1615",17.99,665,36,7415.83,16000
"1617",15.8,665,60,7500,24000
"1627",14.96,670,36,3750,10000
"1630",18.55,665,36,3000,14100
"1633",13.87,640,36,3333.33,2200
"1638",15.81,665,36,18333.33,3500
"1642",17.99,670,36,3666.67,12000
"1649",18.49,665,36,5166.67,14400
"1651",19.99,660,36,5500,20000
"1653",13.11,660,36,4208.33,7750
"1654",19.91,660,60,3000,12000
"1657",16.29,665,36,4183.33,6000
"1669",17.15,670,36,18483,24000
"1670",14.33,670,36,2750,9600
"1674",16.29,665,36,5250,8000
"1683",21.98,665,60,3466.67,16000
"1687",13.75,640,36,588.5,3000
"1692",14.65,670,36,5130.42,2500
"1695",16.29,660,36,14166.67,35000
"1697",13.99,670,36,3206.67,9600
"1706",15.31,660,36,1916.67,5000
"1731",15.81,665,36,3000,1000
"1736",22.47,670,60,7000,20000
"1743",17.27,660,36,2083.33,4200
"1745",19.69,665,60,2666.67,13500
"1754",14.65,665,36,2500,9000
"1755",23.83,660,60,13666.67,23300
"1757",13.99,670,36,7583.33,2000
"1763",13.3,660,36,10000,10000
"1764",13.24,655,36,6290,3600
"1769",14.07,670,36,11250,22350
"1789",13.11,660,36,9166.67,10000
"1795",12.92,660,36,2500,5600
"1805",14.35,665,36,3600,2000
"1818",15.95,665,60,4500,8000
"1824",16.82,660,60,4008.33,4800
"1825",18.55,670,36,5416.67,10000
"1834",17.93,670,60,12500,15000
"1838",14.33,670,36,2500,10500
"1847",17.77,670,36,4333.33,12000
"1855",14.22,670,36,3010,7000
"1858",15.8,665,36,3833.33,1200
"1864",15.05,660,36,3466.67,3000
"1872",15.31,670,36,7750,12000
"1877",16.29,670,36,3119.92,9750
"1884",22.95,670,60,5000,23850
"1888",19.22,670,36,6800,23500
"1895",24.2,665,60,4583.33,24000
"1896",15.8,670,36,5416.67,5500
"1911",21,660,36,5125,19500
"1920",15.31,665,36,2518.67,9750
"1924",17.27,660,36,5416.67,12000
"1925",16.29,665,36,1733.33,5000
"1946",17.27,660,36,2666.67,6075
"1950",17.27,670,36,3000,15000
"1961",14.65,665,36,4000,4000
"1962",21.49,665,36,6000,20000
"1963",22.95,665,60,5833.33,31300
"1975",17.49,665,36,4416.67,6000
"1980",19.99,660,36,3348,7500
"1981",17.54,655,36,2916.67,6250
"1989",18.49,670,36,3000,14125
"2004",19.05,660,36,7116.25,3000
"2006",17.93,670,60,6500,12000
"2010",15.31,665,36,1940,6200
"2015",14.09,670,36,10416.67,10000
"2016",13.11,665,36,4833.33,12000
"2028",13.11,665,36,4583.33,8000
"2034",17.56,660,60,4416.67,6000
"2039",19.69,665,60,2916.67,13750
"2046",17.58,665,36,1800,5000
"2049",12.12,670,36,6083.33,10000
"2050",14.65,670,36,14333.33,6000
"2056",20.49,665,36,5166.67,24575
"2058",14.33,670,36,7916.67,10000
"2064",18.64,670,60,4250,6200
"2072",17.99,665,36,6916.67,18000
"2076",21.98,665,60,2866.5,12000
"2079",13.99,665,36,10000,6000
"2082",18.49,665,36,11250,10000
"2084",16.29,670,36,5166.67,9600
"2085",14.09,665,36,3895,3625
"2091",14.33,670,36,4666.67,10000
"2094",17.27,660,36,8666.67,22000
"2095",21.27,670,36,12500,25000
"2096",19.72,665,36,5083.33,13200
"2098",15.05,660,36,7416.67,12250
"2103",21.98,670,60,6416.67,20000
"2114",17.27,665,36,1750,8000
"2115",23.83,660,60,7666.67,33600
"2117",17.49,670,60,2400,5000
"2120",16.82,665,36,6250,16000
"2131",18.25,660,36,4820,3000
"2136",20.3,665,60,4916.67,20000
"2147",22.47,660,60,9583.33,35000
"2151",19.99,660,36,4458.33,12000
"2153",18.49,660,36,2666.67,9750
"2156",13.43,670,36,1750,4000
"2161",19.69,665,60,5340.25,9800
"2163",18.29,640,36,3000,5100
"2167",18.49,660,36,2916.67,3000
"2193",13.3,660,36,3000,12000
"2195",22.11,660,60,7000,17800
"2199",13.11,670,36,2916.67,2000
"2200",17.77,670,36,4583.33,9000
"2205",14.33,670,36,3333.33,8400
"2210",18.25,660,60,5600,12000
"2219",15.27,670,36,2516.67,12000
"2225",23.76,660,60,6266.67,20000
"2230",17.77,665,36,3333.33,12000
"2235",17.14,660,60,2500,6000
"2236",23.28,660,60,6000,19400
"2240",17.77,660,36,1500,5175
"2247",14.33,665,36,1666.67,4000
"2252",14.22,665,36,9166.67,3000
"2254",15.8,670,36,5000,10000
"2256",21.49,670,60,5000,16000
"2270",20.49,670,60,5166.67,7200
"2273",16.29,670,36,4250,8000
"2284",13.99,670,36,6458.33,10000
"2292",19.72,665,36,2916.67,10000
"2294",17.77,660,36,2633.33,10625
"2295",14.11,670,36,3750,12000
"2296",17.27,660,36,3500,10000
"2297",20.49,660,36,3980.33,12000
"2300",15.81,670,36,5541.67,10000
"2303",15.05,665,36,2000,1600
"2304",16.29,665,36,3666.67,3600
"2310",12.42,670,36,4500,4800
"2321",13.11,670,36,3459,1600
"2322",13.99,670,36,7500,8000
"2323",12.92,670,36,3750,2500
"2327",20.49,660,36,2000,7750
"2335",18.49,665,36,1084,2875
"2336",16.02,660,36,4246.67,1800
"2346",14.61,665,36,5116.67,5500
"2355",19.41,660,36,18333.33,14725
"2365",18.25,665,36,5078.75,15000
"2368",14.33,670,36,6250,8000
"2372",22.45,660,60,3666.67,20000
"2379",15.27,670,36,4500,9000
"2384",19.72,665,36,7000,3600
"2395",19.03,660,60,6550,12250
"2403",13.93,660,36,6000,5000
"2415",24.89,660,36,10737.5,24000
"2416",15.96,660,36,8166.67,5000
"2418",18.55,660,36,5653.67,16000
"2420",18.49,670,36,5000,8000
"2423",22.78,665,60,5666.67,20000
"2425",17.77,670,36,3500,15000
"2426",14.09,665,36,7333.33,9700
"2427",18.49,660,36,2083.33,8450
"2430",17.77,670,36,6000,15000
"2431",19.05,660,36,3833.33,14575
"2440",17.27,665,36,3750,4000
"2444",14.59,660,36,4073,3000
"2450",22.95,665,60,10416.67,20950
"2452",16,665,36,2000,2000
"2467",22.47,670,60,4333.33,22750
"2471",22.95,665,60,6750,20000
"2474",15.13,650,36,3833,7000
"2475",18.75,660,36,8333.33,7200
"2487",17.27,665,36,2464.37,7000
"2488",19.99,660,36,8000,15000
"2490",18.75,670,36,5166.67,19075
"2500",13.79,670,36,3875,9000
"9",14.33,685,36,3150,14675
"27",14.42,675,36,2964.17,8000
"28",15.31,675,36,2916.67,8000
"31",21,685,60,5833.33,23850
"32",12.12,685,36,10583.33,14000
"34",15.8,685,60,5250,16000
"35",13.55,675,36,3666.67,17350
"45",17.27,675,36,5166.67,9000
"55",17.8,680,60,3000,7325
"63",14.33,680,36,4166.67,13500
"67",13.11,685,36,3650,7000
"68",16.29,685,36,9166.67,20000
"83",17.77,680,36,6399,23675
"88",14.09,675,36,4583.33,10000
"90",13.11,685,36,3333.33,6000
"94",14.35,675,36,2500,6000
"95",14.96,675,36,5250,10000
"118",14.09,675,36,5000,10000
"125",15.21,680,36,5132,15000
"127",14.65,675,36,9583.33,10800
"130",15.7,675,36,9333.33,16000
"133",14.07,675,36,10000,24625
"134",14.09,680,36,5416.67,5000
"158",13.49,685,36,5000,8000
"165",16.29,680,36,2916.67,7750
"172",13.11,685,36,2500,10000
"174",12.12,685,36,5000,10000
"175",21.28,680,60,7916.67,35000
"187",16.89,675,60,7500,12000
"193",19.05,675,36,6000,15000
"202",14.83,685,60,4186,12000
"214",14.09,675,36,25000,8000
"218",13.11,680,36,6083.33,16000
"221",15.31,685,36,6666.67,16450
"238",13.67,680,36,2083.33,12375
"239",10.16,685,36,6666.67,18000
"244",16.29,680,36,5833.33,20000
"253",11.03,685,36,3750,7500
"256",14.35,675,36,4000,8000
"266",20.5,680,60,8083.33,21000
"276",17.77,685,36,6625,23000
"287",18.75,675,60,5002.33,8000
"288",11.71,685,36,3100,6000
"289",17.27,675,36,6750,35000
"291",15.31,680,36,3750,10000
"306",14.33,685,36,4800,9950
"309",13.11,685,36,5833.33,6000
"314",11.14,685,36,7750,3000
"319",11.71,680,36,4166.67,6400
"326",14.09,685,36,6000,10000
"327",10.46,680,36,4350,3000
"338",19.05,685,60,4583.33,17475
"345",22.78,675,60,6125,28000
"347",17.04,685,36,4000,7500
"348",12.61,675,36,12833.33,9200
"349",15.8,675,36,4583.33,8000
"354",12.12,675,36,6800,5000
"359",17.77,675,36,3333.33,15500
"363",18.17,685,60,10000,20000
"380",16.77,685,60,2500,14750
"390",14.09,685,36,5416.67,5375
"393",15.31,680,36,6416.67,12000
"395",19.72,680,60,3200,3600
"402",12.29,685,36,8750,7500
"406",16.29,680,36,3833.33,7000
"408",13.11,685,36,1000,6000
"411",13.11,680,36,9666.67,12000
"412",10.37,675,36,4416.67,7200
"422",14.65,675,36,3666.67,16000
"426",14.33,685,36,3500,8000
"428",13.11,685,36,5416.67,4000
"441",15.31,675,36,5000,9000
"445",14.65,680,36,8333.33,10000
"451",14.09,685,36,3750,15475
"455",15.31,685,36,3166.67,9600
"457",14.11,675,36,4166.67,7000
"468",13.11,685,36,3416.67,12000
"470",14.33,680,36,3500,14500
"471",16.63,680,36,8000,25000
"481",11.99,680,36,3417,10000
"482",11.71,685,36,3820.27,11000
"484",10.16,675,36,7666.67,15000
"492",17.43,675,60,4583.33,16000
"494",19.72,675,60,5166.67,24625
"500",15.27,680,36,4166.67,14475
"503",17.77,680,36,4166.67,10000
"505",16.32,685,60,2290,10000
"506",14.09,675,36,5000,13000
"508",12.12,680,36,2555.16,2100
"509",12.12,685,36,7666.67,12000
"529",15.8,675,36,3333.33,7200
"530",12.12,680,36,8000,6000
"536",16.29,675,60,4166.67,22000
"537",15.21,680,60,6833.33,5000
"538",8.9,680,36,12083.33,20000
"543",13.99,685,36,2629,10000
"546",18.62,685,60,5000,24250
"547",12.69,675,36,14166.67,8700
"553",14.18,685,36,4583.33,14400
"554",11.14,685,36,3333.33,5000
"560",17.14,680,36,1658,10000
"564",13.11,685,36,5416.67,6000
"573",12.99,685,36,5000,18500
"578",16.77,675,36,7916.67,15000
"579",19.72,680,60,4000,18625
"585",15.81,680,36,5000,20000
"586",13.49,685,36,4250,9600
"598",13.11,680,36,7500,10000
"606",20.53,675,60,8000,25000
"607",16.07,685,36,3937.08,5500
"608",12.53,685,36,2916.67,6000
"616",10.65,685,36,2333.33,4000
"618",17.99,675,36,5319.17,15000
"620",18.75,680,60,1560,4800
"623",13.98,675,36,6250,6000
"643",10.37,675,36,3166.67,2400
"644",11.71,675,36,3333.33,4500
"651",14.09,680,36,4250,6000
"654",13.11,675,36,5416.67,10000
"663",19.03,680,60,4497,24500
"667",10.74,685,36,4583.33,6950
"672",19.22,680,60,3700,4000
"674",14.65,685,36,4000,23500
"677",16.29,675,60,7800,24000
"687",18.49,675,36,10000,19500
"689",14.33,685,60,12916.67,18000
"706",14.09,675,36,6833.33,25000
"711",13.67,675,36,7083.33,9175
"712",15.31,680,36,4000,14075
"718",14.33,680,36,4583.33,19400
"721",13.11,675,36,4166.67,8000
"724",12.69,680,36,1666.67,5500
"731",21,685,60,6500,24000
"733",14.33,675,36,1541.67,5500
"735",13.11,680,36,7500,10000
"741",14.09,685,36,6666.67,6100
"742",15.31,680,36,5000,14000
"744",21.49,675,60,4170,19600
"749",17.9,675,36,4166.67,6000
"754",15.31,680,36,8333.33,30000
"755",14.11,675,36,1558.42,4200
"756",21.98,680,36,4333.33,3800
"758",14.09,680,36,4000,6000
"759",19.05,685,60,8416.67,21000
"760",13.49,680,36,5416.67,2500
"766",14.65,680,36,8750,14000
"804",16.29,680,36,4166.67,19600
"810",17.27,680,60,7833.33,27575
"813",16.77,685,60,3500,12000
"819",15.31,685,36,5416.67,25000
"823",15.31,680,36,6666.67,35000
"824",15.37,675,36,5000,7500
"838",23.28,675,60,5833.33,21850
"840",15.68,680,36,2500,15000
"851",11.03,680,36,3166.67,5000
"852",13.11,675,36,3333.33,17625
"853",13.11,685,36,3666.67,7150
"855",14.33,675,36,4500,15000
"859",15.2,675,60,6750,11200
"860",15.31,680,36,5833.33,13225
"871",19.05,675,36,3750,10000
"888",13.11,680,36,13166.67,12000
"903",14.09,685,36,4166.67,7100
"905",13.99,675,36,1200,1700
"907",17.99,675,36,3083.33,18225
"911",12.12,675,36,5000,6000
"912",15.8,675,36,1666.67,6000
"915",12.73,675,36,5000,3250
"916",19.72,685,60,10416.67,30000
"923",18.64,675,60,4000,4000
"928",11.14,685,36,7000,8000
"934",12.12,680,36,3500,6500
"939",12.12,685,36,3333.33,9250
"940",13.49,675,36,1200,1875
"941",12.61,675,36,1930.75,2500
"946",14.22,680,36,2541.67,10000
"979",14.33,675,36,7266.67,10050
"981",22.95,685,60,7500,30000
"984",15.05,675,36,5166.67,9000
"995",18.25,685,60,2916.67,8800
"997",15.96,680,36,5166.67,19750
"1003",12.42,685,36,7083.33,7000
"1005",14.33,675,36,3333.33,5600
"1010",12.12,685,36,7083.33,12000
"1011",14.09,680,36,2250,10000
"1014",11.97,685,36,2500,5000
"1020",16.49,680,36,6294.25,15000
"1022",15.8,675,36,3166.67,7000
"1027",23.28,675,60,8333.33,35000
"1029",24.7,675,60,9166.67,21000
"1032",14.74,675,36,5250,11050
"1035",14.33,685,36,8000,12000
"1050",19.22,675,60,4666.67,18000
"1051",11.97,680,36,15000,15600
"1053",12.12,680,36,3208.33,7200
"1055",12.12,685,36,5416.67,13600
"1057",17.77,680,36,2500,10000
"1064",14.17,680,36,3458,2800
"1073",11.59,680,36,7083.33,4800
"1074",12.12,680,36,6333.33,3000
"1076",17.56,680,36,5833.33,12000
"1079",13.11,680,36,3466.67,9000
"1085",13.16,680,36,3583.33,10000
"1086",15.8,675,36,10000,12000
"1094",14.27,675,36,4083.33,10000
"1096",12.12,675,36,5166.67,7000
"1098",22.95,680,60,5083.33,30075
"1102",18.49,675,36,4500,21200
"1106",21.49,685,36,3583.33,1500
"1108",18.75,675,36,8333.33,20000
"1113",11.36,685,36,2750,4200
"1115",15.96,680,36,8833.33,15000
"1128",17.27,675,36,4333.33,16550
"1130",14.09,675,36,3500,8000
"1140",15.99,675,36,4583,15000
"1147",19.22,680,60,6000,21000
"1149",12.12,685,36,3833.33,10000
"1150",17.99,685,60,4300,10000
"1154",19.72,675,60,5416.67,20000
"1187",13.67,675,36,3000,7900
"1197",18.64,675,60,5651.33,13600
"1201",18.39,675,36,8125,5000
"1218",14.46,680,60,5500,9600
"1219",13.85,675,36,4600,8100
"1221",16.32,685,60,14000,15000
"1225",13.11,685,36,4583.33,14550
"1231",14.33,675,36,2916.67,5000
"1246",15.31,675,60,6666.67,19800
"1249",15.31,685,36,5000,3500
"1253",12.12,685,36,2583.33,3900
"1254",19.22,680,60,3416.67,16000
"1255",15.99,675,36,8583.33,15000
"1258",13.99,675,36,4166.25,7400
"1261",14.09,680,36,4789.33,3000
"1262",14.27,675,36,5833.33,9000
"1286",15.31,675,36,1750,5000
"1288",15.8,680,36,2860,11625
"1290",12.69,685,36,7916.67,8000
"1297",19.03,685,36,1600,4000
"1300",16.29,685,36,6916.67,8000
"1306",18.75,680,36,5666.67,16750
"1311",17.77,685,36,7166.67,10000
"1332",15.99,675,36,4583.33,4800
"1346",12.12,685,36,3333.33,6000
"1361",14.09,675,36,3250,13000
"1364",14.09,685,36,4166.67,6900
"1365",20.49,685,60,10416.67,35000
"1377",16.45,680,60,5500,16000
"1381",11.11,680,36,2253,6500
"1387",15.31,680,36,5500,12000
"1389",18.49,675,36,5636.75,7125
"1390",21.67,675,60,20833.33,35000
"1401",19.05,685,36,9166.67,30000
"1405",14.91,675,36,5222,16300
"1432",15.31,675,36,6000,9600
"1436",11.71,685,36,4333.33,10000
"1452",22.47,685,60,7000,27925
"1456",16.29,680,36,5416.67,16000
"1457",15.31,680,36,3333.33,13200
"1461",15.31,675,36,5583.33,10000
"1463",19.72,680,60,4500,19000
"1465",13.11,685,36,4229.17,9000
"1466",13.11,685,36,6666.67,6775
"1467",15.23,675,36,2500,2200
"1469",14.33,675,60,6666.67,16800
"1478",18.49,675,36,4166.67,19125
"1481",18.25,680,60,3084,6650
"1484",12.84,680,36,3521,8000
"1485",15.65,680,36,5833.33,4575
"1494",13.49,680,36,6250,12000
"1499",15.8,675,36,4541.67,8575
"1502",13.67,675,36,4666.67,11000
"1503",14.35,680,36,2508.33,7800
"1516",19.22,680,60,6916.67,20800
"1517",14.27,680,36,4166.67,8400
"1518",18.49,675,36,13583.33,20000
"1520",12.12,685,36,4750,9600
"1522",15.31,680,36,7333.33,14000
"1535",13.48,680,36,6307.42,10000
"1538",15.8,685,36,2176.67,6000
"1539",13.49,680,36,5624,7050
"1546",15.31,675,36,5416.67,10000
"1556",13.11,685,36,4625,10000
"1560",13.11,680,36,8744.26,10000
"1568",9.99,685,36,4980,6000
"1572",13.06,680,36,6500,4200
"1573",14.09,685,36,2083.33,12500
"1577",13.11,685,36,5833.33,7000
"1590",14.65,685,36,5416.67,9500
"1595",10.28,685,36,15000,3500
"1597",15.33,675,36,6416.67,8000
"1609",14.65,685,36,2083.33,2000
"1612",15.27,680,36,15416.67,15000
"1618",15.95,685,36,7983.33,25000
"1626",11.99,680,36,6250,2500
"1645",12.12,680,36,5083.33,1550
"1665",16.4,675,36,6666.67,16800
"1666",11.66,685,36,4133.33,10000
"1667",16.49,685,60,4000,12000
"1673",14.65,675,36,8083.33,10000
"1675",16.32,680,60,5000,12000
"1678",19.42,685,60,10813.17,28000
"1682",21.98,675,60,5000,20000
"1688",15.31,680,36,3083.33,8000
"1690",11.71,680,36,6041.67,4200
"1691",14.27,680,36,2750,1400
"1693",15.31,675,36,3333.33,12000
"1700",11.49,685,36,5555.08,1500
"1708",17.14,680,60,3000,5000
"1710",13.11,680,36,3666.67,13600
"1712",19.05,685,36,5416.67,18000
"1714",12.12,680,36,4800,4800
"1715",13.11,680,36,3166.67,10000
"1719",15.31,685,36,12208.33,7000
"1721",14.65,685,36,8333.33,12000
"1722",10.59,685,36,2083.33,10000
"1732",12.12,685,36,5583.33,10550
"1737",14.33,685,36,2500,10050
"1741",14.09,675,36,3333.33,10000
"1746",15.31,675,36,4750,2200
"1748",13.11,680,36,5500,14000
"1760",15.8,675,36,4583.33,10000
"1766",20.5,675,36,9250,19500
"1775",21.49,680,60,6250,25000
"1780",13.57,680,36,10833.33,4550
"1785",14.46,685,36,5166.67,18000
"1787",14.09,675,36,3750,10000
"1791",14.09,680,36,3750,10000
"1792",13.11,685,36,4325,7000
"1793",16.82,685,60,4721,4000
"1821",16.89,675,36,2750,2000
"1822",16.77,685,60,4166.67,12800
"1823",19.91,680,36,6000,10000
"1836",17.27,680,60,4583.33,21000
"1839",15.8,680,60,5416.67,16000
"1844",21.97,685,60,7833.33,35000
"1846",13.11,680,36,3750,2000
"1850",12.12,685,36,1833.33,5000
"1851",14.65,680,36,10000,12800
"1856",14.09,685,36,3333.33,13450
"1860",14.33,675,36,4333.33,2000
"1861",13.92,680,36,2773.33,11200
"1863",21.98,680,60,10166.67,28000
"1865",12.12,680,36,4166.67,7200
"1868",18.49,675,36,8937.5,20125
"1870",18.79,680,60,4400,21850
"1885",14.09,680,36,4248.33,6250
"1900",14.96,685,36,3416.67,10000
"1904",13.67,675,36,2000,12000
"1914",13.49,680,36,7500,6000
"1922",13.11,685,36,2000,4000
"1929",18.49,675,36,4166.67,7000
"1932",12.42,680,36,2916.67,12000
"1933",19.03,680,60,5000.67,25475
"1937",14.33,675,36,3333.33,4000
"1940",11.03,685,36,5666.67,9000
"1942",17.27,675,60,6250,24000
"1957",14.26,685,36,5833.33,14400
"1966",12.42,675,36,2518.75,2000
"1978",18.49,685,36,6666.67,20000
"1979",22.47,675,60,10104.17,24000
"1987",13.11,680,36,5000,7800
"1988",15.27,680,36,6666.67,15000
"1998",13.11,680,36,2600,1950
"2000",14.09,675,36,4166.67,8000
"2003",15.8,680,36,2708.33,6800
"2007",15.31,680,36,2666.67,11100
"2012",10.36,680,36,5833.33,2250
"2021",14.27,675,36,5184.75,6000
"2022",12.12,675,36,1250,4500
"2024",15.8,675,36,2666.67,11200
"2033",13.11,680,36,5000,14400
"2037",13.06,685,36,3750,15000
"2040",17.19,675,60,13625,6000
"2047",14.33,675,36,2916.67,4950
"2057",14.83,675,60,4833.33,8000
"2068",16.89,680,60,2400,6000
"2070",13.79,680,36,6074.17,16400
"2073",13.49,675,36,4416.67,12375
"2075",14.09,680,36,3513.33,2000
"2083",15.31,675,36,3176,1000
"2086",13.11,685,36,3500,10000
"2089",13.99,680,36,4166.67,10000
"2090",13.23,685,36,9367,6000
"2092",12.12,675,36,1312.08,6000
"2093",15.31,675,60,11250,16000
"2100",14.33,685,36,7083.33,9000
"2105",13.49,680,36,6000,10000
"2106",13.11,685,36,4416.67,10750
"2107",14.83,680,36,5600,4000
"2122",13.99,680,36,4500,8600
"2127",14.09,675,36,2783.33,11350
"2128",17.27,685,60,8750,6000
"2129",12.12,680,36,2250,4000
"2134",8.9,685,36,6666.67,6000
"2139",20.49,675,60,3750,18000
"2149",21.49,675,60,4500,20950
"2162",12.12,685,36,6750,20000
"2172",13.11,675,36,4333.33,13025
"2173",18.49,675,36,9333.33,18000
"2176",11.14,685,36,2916.67,4500
"2180",17.27,675,36,4666.67,4500
"2189",20.49,685,36,5250,10000
"2191",15.8,675,36,4458.33,10000
"2194",14.65,675,36,5833.33,9600
"2197",21,680,60,4583.33,18825
"2202",19.22,675,60,3629.58,21725
"2207",15.31,675,36,2833.33,9950
"2213",14.33,680,36,7500,15000
"2214",17.77,685,36,3333.33,12700
"2228",13.67,680,36,1666.67,5400
"2232",11.71,675,36,1650,3750
"2233",13.67,685,36,2791.67,8000
"2239",13.99,680,36,5833.33,4800
"2249",14.09,675,36,6166.67,12000
"2250",21,685,60,4166.67,17500
"2259",12.12,680,36,5416.67,4825
"2260",18.25,675,60,4833.33,18750
"2261",15.31,675,36,4166.67,5000
"2262",13.17,675,36,8750,7500
"2263",16.82,680,60,4417,10000
"2272",11.71,685,36,6932.92,13000
"2280",13.99,680,36,5000,5200
"2281",15.81,675,36,3750,9000
"2287",20.49,685,60,5833.33,24000
"2290",17.99,675,60,3916.67,12000
"2291",15.31,675,36,4416.67,12000
"2293",15.31,680,36,2291.67,8875
"2305",17.51,680,36,7916.67,14000
"2317",14.33,675,36,1750,6250
"2338",12.12,680,36,3333.33,6000
"2340",14.33,680,36,2479.17,10375
"2343",15.31,680,36,3750,10000
"2345",17.77,675,36,4333.33,7000
"2360",12.12,680,36,4500,17475
"2373",14.27,680,36,7166.67,10000
"2383",16.83,680,36,5000,8500
"2392",12.12,675,36,4333.33,3500
"2394",17.77,675,36,4575.08,12000
"2398",19.03,680,60,5416.67,24000
"2407",12.12,675,36,6250,5000
"2409",22.47,675,36,6200,10000
"2419",14.11,680,36,4583,10000
"2432",21,675,60,4473.33,14775
"2436",20.52,675,36,2500,8000
"2439",13.11,685,36,3083.33,12300
"2443",14.33,675,36,3333.33,4375
"2449",19.04,680,60,5250,15000
"2455",18.64,680,60,6250,20000
"2459",13.85,685,36,6750,16000
"2465",13.67,685,36,3544.67,19000
"2473",22.45,685,60,5500,17300
"2476",14.09,675,36,4583.33,10000
"2477",14.09,675,36,8583.33,4000
"2480",15.8,680,60,4833.33,16200
"2484",14.33,675,36,3416.67,15875
"2489",15.81,685,36,3833.33,17000
"2494",23.28,675,60,7083.33,30000
"2495",14.65,685,36,6666.67,24000
"2498",13.99,680,36,2166.67,10000
"2499",12.42,675,36,3500,6000
"3",21.98,690,60,11500,35000
"4",9.99,695,36,3833.33,10000
"5",11.71,695,36,3195,12000
"8",17.14,705,60,13863.42,33500
"17",12.12,695,36,9000,10000
"22",19.05,695,60,6250,30000
"24",11.99,695,36,6833.33,17400
"26",7.9,705,36,5416.67,7200
"50",12.12,705,36,4500,14000
"53",17.27,700,60,9250,32000
"59",14.33,690,36,5166.67,27575
"61",11.49,705,36,2708.33,12000
"69",18.25,705,60,2916.67,15000
"70",14.09,695,36,5000,8000
"71",19.03,695,60,7500,24000
"78",10.83,700,36,2427,1600
"84",12.12,690,36,5833.33,12000
"85",16.49,695,36,6000,25000
"101",13.11,700,36,4666.67,6400
"102",7.9,705,36,4000,5000
"104",21.48,690,60,4250,23850
"109",14.09,690,36,2916.67,10000
"115",15.8,690,36,12916.67,20950
"121",19.05,700,60,6250,25000
"123",11.14,690,36,3750,7200
"126",19.72,695,60,4916.67,25000
"128",14.33,700,36,6250,20000
"129",10.74,695,36,2900,4000
"140",15.99,700,60,4250,5500
"144",13.11,700,36,3150.25,8800
"145",11.14,705,36,6000,7000
"150",14.33,705,36,2833.33,11625
"154",16.69,705,60,7666.67,25000
"156",10.91,690,36,3892.75,12375
"157",11.48,705,36,5031.67,6000
"164",10.16,695,36,2083.33,2800
"166",8.9,700,36,2166.67,4500
"171",11.14,700,36,2750,11500
"181",14.33,700,36,7500,17000
"182",7.9,695,36,8416.67,16000
"183",12.69,695,36,6666.67,10000
"184",10.16,700,36,6250,5000
"192",15.8,700,60,5416.67,22000
"205",13.98,700,36,9166.67,17000
"209",12.12,690,36,6583.33,12300
"210",13.11,690,36,2666.67,4800
"212",8.9,700,36,2254,4200
"213",14.09,690,36,6583.33,22250
"217",10.16,705,36,6000,9000
"230",12.12,690,36,3750,5825
"241",18.49,700,60,8833.33,21000
"242",16.29,695,36,5250,24575
"254",10.16,705,36,2400,4825
"258",15.57,700,60,5291.67,8000
"269",17.77,695,36,7666.67,29000
"270",15.31,690,36,5250,20000
"271",10.16,695,36,4341.67,7000
"283",16.49,705,60,5416.67,10000
"284",13.06,690,36,7916.67,11000
"286",17.49,705,60,5000,24000
"296",19.99,690,60,8333.33,24000
"297",14.09,690,36,3500,8000
"308",19.05,695,60,3726.67,10000
"311",7.9,705,36,1916.67,5600
"316",14.27,705,36,9000,25000
"328",19.72,700,60,5666.67,25000
"339",12.12,690,36,3113.83,10000
"346",11.11,690,36,2080,1675
"350",10.99,690,36,2000,5000
"351",18.25,690,60,3333.33,19125
"360",13.11,695,60,7916.67,16000
"364",22.78,690,60,6041.67,30000
"371",14.09,690,36,3333.33,10350
"377",13.11,700,36,3010,5900
"378",13.11,705,36,2500,9950
"381",16.7,690,36,3000,5000
"383",19.42,705,60,7400,18400
"384",14.11,700,36,3583,7200
"386",12.12,690,36,3166.67,8000
"388",13.11,690,36,3750,6000
"392",10.65,700,36,3333.33,7000
"397",14.33,690,36,2500,10050
"398",8.9,700,36,5000,4025
"410",12.12,705,36,2519.17,9500
"414",15.96,695,60,2917,8250
"415",22.47,690,60,7916.67,30000
"416",15.81,700,60,6583.33,10075
"417",13.11,700,36,5166.67,9050
"418",10.16,700,36,3333.33,17500
"421",15.8,690,36,2500,8500
"430",9.91,705,36,12500,12000
"431",16.49,690,60,2916.67,15250
"432",12.68,695,36,3500,5000
"438",13.85,705,36,3000,15000
"442",18.75,695,60,9583.33,21000
"448",12.42,705,36,3500,10000
"450",7.9,705,36,7233.33,24000
"456",15.21,700,60,5416.67,15000
"461",18.49,700,60,16416.67,21000
"467",13.11,700,36,3541.67,8000
"476",13.67,690,36,5113,3600
"477",15.31,695,36,5924.5,16000
"480",17.49,695,60,3333.33,15000
"483",19.05,690,60,5833.33,25000
"489",12.12,690,36,3333.33,10400
"490",14.84,705,36,7250,25000
"491",11.97,705,36,7501,20000
"495",13.11,690,36,4166.67,21850
"498",12.21,700,36,7667,10000
"502",12.12,700,36,5416.67,15000
"504",13.49,690,36,2870.33,5600
"513",10.16,690,36,7916.67,14000
"523",12.29,700,36,3100,14700
"541",16.29,705,60,7166.67,18225
"552",7.66,700,36,6500,4600
"566",14.09,695,36,8666.67,12000
"569",10.16,705,36,3750,3200
"571",22.11,690,60,1471,3000
"574",14.09,690,36,4000,18000
"575",10.59,695,36,3000,4200
"581",15.31,690,36,3916.67,12500
"583",12.12,690,36,3083.33,10000
"587",9.76,695,36,2108.33,3600
"588",18.75,690,36,3033.33,14075
"596",10.16,700,36,5000,15000
"597",14.33,700,36,5500,15000
"599",12.12,690,36,5000,5950
"600",10.99,700,36,5833.33,10000
"604",13.11,700,36,2166.67,8875
"605",10.74,705,36,2000,2400
"609",19.05,690,60,7500,18000
"612",13.11,690,36,2625,6000
"614",11.14,700,36,2916.67,11500
"619",12.42,705,36,16666.67,25000
"622",12.53,705,36,8750,15000
"626",11.12,705,36,6833.33,2000
"628",12.12,700,36,5000,10000
"630",16.29,690,60,5416.67,5000
"634",10.74,700,36,6833.33,14400
"635",15.31,695,36,2833.33,11625
"638",17.27,695,60,3333.33,9600
"650",10,700,36,3250,2800
"655",12.12,690,36,4666.67,9450
"664",12.12,695,36,6250,10000
"668",10.16,705,36,4583.33,8525
"669",14.33,690,36,2750,5000
"670",18.25,695,60,3750,4800
"682",13.48,690,36,8333.33,18000
"684",10.99,695,36,6666.67,11000
"688",17.27,695,60,7000,16000
"692",15.58,700,60,5427.42,16000
"693",17.58,690,36,13333.33,35000
"695",13.11,700,36,5988.67,14500
"699",9.91,705,36,3666.67,10000
"700",19.05,690,60,9166.67,35000
"703",7.9,705,36,1750,6000
"708",18.25,690,36,8583.33,27000
"723",15.58,695,36,5000,7500
"729",12.12,695,36,3355.05,7350
"732",18.49,695,60,4104.67,10000
"734",14.72,695,36,9519.75,17500
"748",12.53,700,36,3500,11000
"750",11.14,705,36,10833.33,12000
"751",13.11,690,36,5083.33,17000
"761",16.77,690,36,2700,2400
"769",12.53,705,36,3108.33,5000
"770",13.11,690,36,9000,15000
"772",8.9,700,36,1000,3000
"773",7.9,705,36,4116.67,6000
"787",17.27,705,60,3750,17325
"790",11.71,700,36,3730,3300
"794",13.47,700,36,4458.33,15000
"796",13.99,700,60,8833.33,13500
"803",19.69,705,60,3666.67,17200
"817",13.67,690,36,3333.33,15000
"818",11.86,705,36,5000,15000
"826",11.12,700,36,5416.67,3800
"827",8.9,700,36,3250,2800
"832",11.14,700,36,2666.67,8000
"835",11.49,690,36,4900,3000
"839",13.47,690,36,6666.67,10000
"845",16.89,700,60,4000,20000
"846",13.67,695,36,2500,14825
"858",12.68,690,36,2500,10000
"861",11.14,700,36,3333.33,4000
"864",14.59,705,36,8750,25000
"866",12.12,700,36,4850,18225
"873",16.89,695,60,3083,6000
"876",8.9,705,36,6666.67,5000
"881",15.28,700,60,3006.44,16000
"884",12.12,705,36,6250,14000
"889",13.11,695,36,6166.67,10400
"890",18.75,695,60,10250,21000
"891",11.83,705,36,6333.33,6000
"893",14.33,690,36,1000,2100
"900",14.59,690,36,5416.67,16000
"917",11.11,700,36,18750,21000
"925",12.12,705,36,5000,15000
"930",15.31,695,60,8500,30000
"932",9.99,695,36,5316.67,5000
"942",13.47,690,36,4583,10000
"945",13.61,695,60,2700,6000
"948",16.32,700,60,4333.33,19000
"949",11.89,695,36,3583.33,5500
"950",10.74,700,36,5833.33,10000
"952",15.95,705,60,6000,9500
"956",12.12,700,36,4500,24000
"957",10.36,690,36,5000,7000
"961",11.71,705,60,3500,4000
"965",13.11,695,36,6250,10000
"968",12.12,700,36,2750,9450
"971",10.99,700,36,4583.33,11750
"974",14.09,695,36,7916.67,13000
"976",14.33,700,36,9166.67,15000
"978",15.23,705,60,7083.33,12000
"987",12.12,690,36,3833.33,12000
"994",16.29,695,36,3333.33,16000
"999",16.32,695,36,10000,10000
"1002",21.49,705,60,12500,30000
"1013",11.14,690,36,8750,15000
"1015",13.11,695,36,14166.67,20000
"1016",16.29,695,36,9166.67,21725
"1021",19.72,690,60,13333.33,35000
"1023",15.96,695,60,5300,12500
"1024",12.12,705,36,6666.67,18000
"1025",11.89,695,36,4166.67,6000
"1030",12.12,705,36,4166.67,8000
"1031",20.3,695,60,20000,33600
"1033",15.31,695,36,7666.67,16000
"1038",10.36,690,36,10333.33,12000
"1041",15.31,690,36,6000,16000
"1042",21.48,695,60,6666.67,12200
"1054",12.99,690,36,5000,1500
"1059",11.71,695,36,3746.58,10000
"1060",13.16,700,36,3041.67,7000
"1065",13.11,700,36,4166.67,15000
"1067",11.71,705,36,5416.67,15000
"1069",12.12,690,36,5416.67,12000
"1084",20.5,705,60,7083.33,30000
"1092",11.12,705,36,5750,6000
"1095",14.65,695,60,3333,4800
"1101",17.27,695,60,4666.67,16000
"1109",13.49,695,36,4166.67,10000
"1117",9.25,700,36,7000,4200
"1120",17.49,695,36,2083.33,8000
"1145",9.76,705,36,5333.33,8500
"1155",13.99,695,36,11500,24375
"1157",10.74,700,36,4000,9550
"1158",20.5,690,60,5077.58,25000
"1159",12.87,690,36,6333,3600
"1160",11.11,700,36,6083.33,10000
"1168",9.76,705,36,4166.67,4000
"1181",14.09,695,36,9166.67,14000
"1183",14.33,690,36,3108,8000
"1185",13.11,705,36,10416.67,24375
"1188",12.12,695,36,3640,10000
"1192",13.11,695,36,7916.67,21000
"1194",11.71,705,36,3791.67,13200
"1199",14.65,705,60,3912,22000
"1204",14.09,700,36,3750,10000
"1206",14.27,695,36,5208.33,5000
"1211",12.12,695,36,3916.67,7000
"1212",12.12,695,36,3625,1500
"1213",18.49,705,36,11000,35000
"1214",18.25,695,60,6666.67,20000
"1217",15.01,695,36,15416.67,25000
"1220",14.65,690,36,3666.67,15000
"1222",11.14,695,36,5000,11000
"1226",10.74,700,36,2500,10000
"1227",11.14,705,60,8000,24000
"1239",15.95,700,60,6666.67,20000
"1244",13.11,695,36,4166.67,15000
"1256",20.5,695,60,4833.33,28200
"1257",13.49,705,36,6666.67,15000
"1263",8.9,705,36,4583.33,4000
"1265",15.99,690,60,3500,6400
"1267",13.11,695,36,4583.33,12000
"1270",12.12,690,36,4333.33,6000
"1271",13.49,700,36,6666.67,2200
"1274",7.9,705,36,5583.33,3000
"1275",21.49,700,60,13999.17,30000
"1276",12.12,695,36,5833.33,10800
"1280",14.09,690,36,3333.33,16000
"1281",13.99,705,36,3500,15000
"1283",19.05,690,36,18750,35000
"1285",11.71,700,36,6250,15000
"1293",12.42,705,36,5833.33,10200
"1301",18.49,700,60,4166.67,19125
"1302",12.12,700,36,4166.67,16000
"1307",12.12,695,36,3333.33,3600
"1316",15.62,695,36,6250,28000
"1317",15.58,690,60,12083.33,15200
"1323",6,695,60,6250,6400
"1324",14.33,695,36,3833.33,13200
"1325",11.49,705,36,7300,12000
"1328",18.55,700,36,6666.67,28000
"1331",17.27,705,60,5025,27050
"1341",15.81,695,36,7083.33,23000
"1343",12.69,705,36,1200,3000
"1348",12.68,690,60,4416.67,5000
"1351",14.09,700,36,5416.67,10000
"1352",10.74,705,36,2916.67,7750
"1357",12.12,695,36,5416.67,3500
"1362",13.11,695,36,4166.67,15000
"1367",11.14,705,36,3833.33,9600
"1373",14.09,700,36,6083.33,25000
"1374",14.33,690,36,3358.33,13000
"1384",13.48,700,36,4166.67,16000
"1404",12.12,690,36,5833.33,10000
"1412",11.14,690,36,1916.67,6625
"1418",10.99,700,36,7583,8400
"1420",10.16,695,36,3500,4750
"1430",12.84,695,36,6000,7800
"1433",10.62,705,36,5000,6000
"1446",12.12,705,36,5666.67,13475
"1451",9.76,705,36,5833.33,9000
"1458",18.75,695,60,15416.67,20000
"1462",16.29,700,36,10416.67,14075
"1474",14.09,695,36,3333.33,9325
"1477",15.8,690,36,3000,3700
"1486",21.97,690,60,14166.67,35000
"1487",12.12,695,36,4375,10000
"1489",12.98,700,36,3600,16000
"1490",14.09,690,36,3000,13750
"1496",16.32,705,60,7083.33,25000
"1498",15.8,700,60,4708.33,24375
"1500",12.12,695,36,4250,13800
"1501",11.49,695,36,5083.33,17000
"1504",10.59,695,36,11666.67,3725
"1507",9.76,705,36,4583.33,10000
"1510",15.31,705,60,3617.21,19000
"1511",10.16,695,36,8791.67,12000
"1513",16.07,700,36,3166.67,6525
"1523",12.98,705,36,4333.33,17000
"1524",10.65,700,36,3333.33,13250
"1525",9.76,705,36,4166.67,13000
"1526",12.12,700,36,4166.67,20000
"1532",12.12,695,36,3250,10000
"1542",12.53,690,36,6667,11000
"1543",14.33,700,36,2750,10000
"1545",18.64,690,60,5166.67,23000
"1547",12.23,705,60,9417,4000
"1561",9.76,695,36,4583.33,5000
"1563",13.22,690,36,3166.67,2500
"1564",12.73,700,36,6691.67,15000
"1566",11.71,700,36,3540,18000
"1567",15.8,700,36,4583.33,5000
"1569",10.37,705,36,2000,2500
"1574",16.32,695,60,6500,15400
"1585",10.74,705,36,2000,3000
"1591",14.09,705,36,6250,14500
"1596",19.05,690,60,5083.33,27050
"1600",8.9,700,36,9000,15500
"1603",15.8,690,36,10000,21850
"1604",8.9,705,36,2333.33,2400
"1606",19.42,705,60,8333.33,30100
"1614",13.67,700,36,4833.33,7500
"1623",12.12,695,36,5000,10000
"1625",15.31,695,36,5147.17,21700
"1631",20.49,690,60,5000,26500
"1640",13.11,695,36,5000,15000
"1641",14.33,695,36,5833.33,4800
"1646",15.31,695,36,7500,35000
"1660",13.11,700,36,5416.67,10000
"1662",12.12,705,36,4333.33,20500
"1663",18.79,690,60,6750,21000
"1668",18.25,705,60,5000,17900
"1671",12.68,700,60,11583.33,8000
"1672",13.43,690,36,6750,9000
"1679",11.14,705,36,4000,10000
"1684",17.27,695,36,10000,30000
"1685",15.23,700,60,4166.67,12000
"1696",14.09,695,36,20833.33,12000
"1701",12.12,705,36,3333.33,4000
"1702",10.75,705,36,4400,4325
"1705",13.11,695,36,4000,15000
"1709",10.16,705,36,5083.33,14400
"1724",17.51,695,60,4666.67,14000
"1725",18.75,695,60,5416.67,18000
"1726",10.16,705,36,10250,7000
"1728",13.98,700,60,4666.67,12000
"1729",11.14,690,36,2700,4500
"1733",14.09,690,36,6250,17825
"1739",17.27,700,36,5750,27575
"1740",13.11,695,36,4416.67,14675
"1747",13.99,700,36,3750,20000
"1751",11.14,690,36,2183.33,7100
"1752",14.65,700,36,5416.67,15000
"1756",15.8,690,60,4166.67,20000
"1759",15.21,695,60,5382,11975
"1765",13.11,700,36,3333.33,10000
"1770",13.92,700,36,2500,5000
"1776",13.11,700,36,3333.33,14400
"1778",16.29,700,36,8333.33,19750
"1779",11.71,695,36,4000,10000
"1786",16.29,695,36,3250,14675
"1796",14.33,700,36,5833.33,11950
"1799",12.12,705,36,2641.67,3800
"1800",10.65,700,36,3000,9000
"1801",9.76,695,36,3333.33,5000
"1802",11.86,690,36,3400,7000
"1806",13.11,695,36,5416.67,29175
"1814",17.27,705,60,10000,35000
"1816",15.99,700,60,3750,20000
"1817",11.78,705,36,7750,18000
"1820",12.12,695,36,2458.33,11500
"1827",11.71,705,36,9288.33,5000
"1831",10.99,700,36,3200,5000
"1832",19.72,695,36,5833.33,28350
"1833",15.58,700,60,17500,16000
"1835",8.9,700,36,6996.17,6000
"1841",11.58,700,36,7083.33,5000
"1842",19.74,700,60,6250,30000
"1843",14.46,690,60,5916.67,12000
"1845",20.3,690,60,7166.67,25200
"1875",7.9,705,36,6250,4800
"1876",10.99,705,36,2500,8000
"1878",12.69,705,36,9583.33,4000
"1879",10.99,695,36,5583.33,3000
"1880",15.8,690,36,5075,16000
"1882",11.78,690,36,2500,7500
"1889",12.87,705,36,2000,3600
"1894",17.27,705,36,19166.67,32000
"1899",11.14,690,36,1280,4575
"1901",15.96,705,60,5000,20000
"1906",17.77,690,36,6000,7000
"1907",12.12,695,36,5833.33,10000
"1913",17.58,700,60,4250,20000
"1915",14.09,695,36,7750,14300
"1916",12.12,690,36,5000,12800
"1918",13.11,705,36,14166.67,25000
"1919",12.12,700,36,4583.33,18000
"1921",12.42,695,36,2500,5000
"1928",11.36,705,36,5833.33,12000
"1930",23.76,700,60,16666.67,32000
"1934",11.14,700,36,2833.33,10000
"1935",12.12,695,36,8416.67,5000
"1944",13.8,695,60,3500,4000
"1948",18.64,700,60,6800,10000
"1954",12.12,700,36,5000,10500
"1955",21.49,690,60,5666.67,25000
"1960",11.86,705,36,13333,10000
"1965",17.88,690,60,5632.33,30000
"1968",10.37,690,36,3125,3300
"1969",14.33,695,36,10000,25000
"1971",21,690,36,2858.33,3250
"1973",21,705,60,5833.33,31000
"1992",13.49,705,36,3000,15000
"1999",16.29,705,36,39583.33,35000
"2002",7.66,700,36,5100,5650
"2005",11.14,705,36,2333.33,5675
"2008",19.05,690,60,6666.67,16000
"2014",12.12,695,36,4333.33,10000
"2017",13.11,690,36,3916.67,12000
"2019",12.69,695,36,7083,8000
"2020",10.16,705,36,4166.67,10000
"2025",11.49,695,36,4700,4000
"2026",13.49,690,60,3458,6000
"2031",17.27,690,60,3583.33,18825
"2045",13.11,690,36,3416.67,12500
"2054",13.11,690,36,7375,22400
"2066",21,695,60,12500,29175
"2088",13.67,695,36,4583.33,8400
"2099",11.14,705,60,7083.33,21000
"2101",11.14,690,36,4665.83,5000
"2104",7.9,705,36,10000,12000
"2108",13.11,705,36,2658.83,10450
"2110",12.12,695,36,4583.33,11000
"2111",13.11,690,36,2796.8,7500
"2116",15.27,700,60,4333.33,12000
"2119",10.16,700,36,2250,2075
"2121",12.12,695,36,4166.67,6000
"2125",13.11,700,36,5000,9000
"2130",10.74,690,36,3833.33,6400
"2142",9.63,705,36,7500,10000
"2143",17.27,700,60,9000,35000
"2144",15.31,690,36,6666.67,18000
"2145",18.39,705,60,7000,20000
"2146",11.14,690,36,1666.67,5500
"2148",21.98,695,60,9166.67,35000
"2150",9.63,695,36,7725,1500
"2152",14.33,690,36,3625,10000
"2157",8.9,700,36,4700,7000
"2159",12.61,695,36,2000,5000
"2160",9.25,705,36,4000,10000
"2164",11.14,700,36,2160,8875
"2168",12.42,690,36,3500,4800
"2170",11.99,705,60,6333.33,14000
"2187",11.03,695,36,6666.67,10000
"2188",20.49,700,36,12333.33,35000
"2190",13.98,695,60,2400,6000
"2198",13.06,705,36,2571.42,3000
"2201",13.11,705,36,1675,5750
"2209",10.99,705,36,9150,10000
"2211",12.21,695,36,12500,8000
"2217",20.25,695,60,12500,30000
"2218",14.65,695,36,10353.33,20125
"2221",11.36,705,36,13389.15,8000
"2224",19.22,690,60,6867.92,18000
"2229",12.68,700,60,5000,12000
"2231",7.9,705,36,2708.33,6700
"2234",11.49,695,36,3500,4500
"2237",17.93,690,60,5416.67,25000
"2238",14.27,695,36,3833.33,8800
"2245",13.11,700,36,8750,10000
"2246",16.29,695,36,8541.67,12000
"2248",15.8,690,36,5000,20000
"2251",11.71,690,36,3333.33,10000
"2271",14.09,695,36,5292,8000
"2275",12.69,700,36,4583.33,1400
"2277",11.14,705,36,3333.33,12700
"2282",14.74,695,36,4500,12000
"2285",11.49,695,36,4250,1800
"2286",18.75,695,60,4000,19000
"2288",11.14,700,36,2833.33,11500
"2289",13.67,690,36,5000,12100
"2299",17.58,705,60,2666.67,16000
"2302",12.12,690,36,3333.33,8400
"2308",8.9,695,36,6666.67,10000
"2312",12.53,695,36,5000,7000
"2313",16.29,705,60,7416.67,20000
"2314",12.12,690,36,11666.67,9000
"2316",11.71,695,36,3083.33,3000
"2324",16.29,695,36,4125,16075
"2330",12.12,695,36,4750,12800
"2332",18.64,695,60,5833.33,25000
"2341",15.8,700,60,7750,25000
"2347",14.33,690,36,3333.33,7000
"2350",14.91,690,60,2708.33,9800
"2351",13.11,690,36,4083.33,15000
"2353",13.72,705,36,2964.67,19000
"2354",13.49,690,36,3333.33,10000
"2356",14.09,690,36,3750,17500
"2357",12.53,700,36,7158.33,10000
"2358",10.37,705,36,3916.67,12000
"2364",19.72,695,60,10583.33,18000
"2367",12.21,695,36,6250,4800
"2377",9.76,705,36,2500,7425
"2388",12.12,695,36,6883.33,14000
"2390",12.42,705,36,3750,8000
"2391",17.51,695,60,5373.33,20000
"2393",20.89,695,60,17917,30000
"2401",12.69,705,36,3916.67,15000
"2402",14.17,690,36,6666.67,15000
"2404",14.09,690,36,5416.67,14000
"2405",13.67,705,36,7916.67,21000
"2421",11.71,695,36,2750,10000
"2428",20.49,690,60,5833.33,25000
"2433",11.49,700,36,2500,2000
"2434",10.16,695,36,4166.67,2575
"2435",14.33,700,60,3850,4200
"2441",18.3,690,60,5833,20000
"2442",12.68,705,60,9750,12000
"2456",16.29,690,36,5577.26,24000
"2458",13.22,705,36,5458.33,20000
"2463",11.49,690,36,9166.67,3500
"2485",10.16,690,36,6666.67,15000
"2496",16.77,705,60,9250,30000
"1",8.9,735,36,6541.67,20000
"2",12.12,715,36,4583.33,19200
"7",7.9,720,36,2916.67,10000
"10",6.91,715,36,5000,7000
"14",8.9,735,36,9166.67,35000
"15",7.62,725,36,11250,9600
"16",15.65,730,60,5416.67,25000
"19",9.76,730,36,2733.33,10000
"33",16.49,720,60,10416.67,35000
"37",7.9,720,36,5666.67,7200
"39",8.9,715,36,5000,12000
"42",11.14,720,36,4416.67,12725
"46",11.86,715,36,5577,5000
"47",10.38,710,36,3083.33,3000
"56",11.14,725,36,7500,16450
"58",9.99,715,36,2625,6000
"62",10.16,715,36,8000,30000
"65",9.91,730,36,4250,15000
"66",7.9,725,36,5500,5300
"72",8.9,715,36,5500,7500
"73",11.83,735,36,4583.33,17000
"80",7.9,725,36,5416.67,18550
"81",13.06,710,36,5883.33,7450
"86",11.12,725,36,6666.67,16000
"98",11.14,735,36,12500,12000
"105",10.65,720,36,7083.33,15000
"107",6.03,715,36,14583.33,20000
"108",13.11,710,36,8233.33,20000
"110",14.09,710,36,4000,18825
"116",10.99,710,36,7500,8000
"117",10.16,725,36,3333.33,10000
"120",7.66,735,36,9000,5000
"122",8.9,735,36,10416.67,35000
"131",9.76,730,36,4683.33,1400
"135",9.91,725,36,7916.67,25000
"141",9.76,720,36,1100,3000
"143",9.63,735,36,4190,10000
"146",13.11,725,36,2625,8000
"148",7.51,735,36,7500,12000
"149",14.11,725,36,2500,3600
"152",8.9,720,36,7083.33,16000
"153",10.75,715,36,8400,10800
"155",13.98,710,60,3916.67,10000
"167",12.53,715,36,3666.67,17500
"168",15.31,710,60,5258.5,18000
"169",15.27,720,60,2748,15000
"173",8.9,725,36,5000,12000
"179",7.62,730,36,3833.33,1200
"180",11.14,720,36,4333.33,2500
"190",12.69,730,60,6541.67,20800
"195",8.9,730,36,4916.67,20000
"199",7.88,725,36,5708.33,9000
"204",10,715,36,15416.67,6000
"207",7.9,730,36,4541.67,16350
"211",7.9,735,36,4500,14500
"216",13.11,730,36,10416.67,14000
"220",10.65,725,36,3750,24000
"222",12.12,710,36,5000,7500
"224",7.9,720,36,6750,6500
"227",12.12,710,36,4166.67,12000
"228",7.51,730,36,1500,2000
"237",13.11,720,36,1779.17,6250
"248",8.49,715,36,4166.67,10000
"249",12.12,710,36,5000,12000
"250",7.9,725,36,3500,8000
"252",7.49,730,36,8237.5,12500
"262",14.65,720,36,14166.67,35000
"263",7.9,730,36,5000,15000
"267",7.62,730,36,8315.67,6000
"268",6.91,725,36,65000,4500
"272",10.36,715,36,2916.67,5000
"278",12.69,715,36,2083.33,3000
"279",10.74,715,60,3500,12000
"280",13.99,720,60,4166.67,20000
"290",10.36,730,36,1800,1000
"302",9.88,730,36,4500,10000
"313",12.99,715,60,5666.67,15000
"320",9.91,730,36,5500,25000
"330",5.79,730,36,6400,6500
"332",15.31,710,60,8333.33,20000
"333",12.12,710,36,5166.67,12000
"336",11.49,715,60,2944,7200
"337",10.16,710,36,6091.83,8500
"342",7.9,720,36,2298.75,5000
"343",12.12,720,36,3750,20000
"344",15.31,710,36,5000,12300
"353",9.62,710,36,3275,7000
"357",10.16,715,36,3168,4000
"361",13.06,710,60,3678.08,9000
"362",16.49,710,60,6000,20000
"365",10.59,735,36,3833.33,10000
"368",15.31,710,60,5734.08,18000
"370",13.11,735,60,4583.33,25975
"375",10.16,710,36,5000,12000
"382",14.91,715,36,6250,20000
"385",13.99,725,60,4364.58,18000
"387",8.9,720,36,5166.67,4000
"389",10.25,720,36,2400,6250
"401",7.29,735,36,5833.33,10000
"404",8.9,715,36,2083.33,10000
"405",7.9,730,36,5833.33,18000
"419",6.91,730,36,4166.67,10000
"420",8.9,715,36,2870.42,10000
"423",14.09,725,36,1833.33,2350
"424",7.29,730,36,6083.33,10000
"425",15.8,735,60,5458.33,25000
"429",11.14,715,36,2916.67,11500
"433",7.9,715,36,3750,6000
"434",16.29,710,60,3166.67,18225
"435",10.38,735,36,6312,15000
"437",12.12,715,60,7083.33,27000
"439",10.16,725,36,1403.33,4950
"440",10,730,36,6250,21000
"446",9.99,730,60,6400,5000
"447",10.16,730,36,11250,5350
"449",10.16,720,36,5416.67,24000
"453",9.91,730,36,2333.33,13000
"454",7.62,730,36,2512,7550
"459",12.87,720,36,6666.67,25000
"460",14.33,725,36,11208.33,24000
"464",17.27,725,60,6000,24400
"465",7.9,720,36,3166.67,14675
"469",10.99,730,60,5416.67,16800
"475",10.38,730,36,6000,11875
"486",11.71,720,36,4583.33,20000
"488",11.12,715,36,6333.33,7000
"493",7.9,725,36,7500,15000
"497",16,725,36,4700,6700
"511",14.09,735,60,4166.67,16000
"512",7.9,730,36,3162.25,14000
"514",12.21,725,36,6000,20000
"518",11.36,710,36,15416.67,20000
"520",12.12,715,60,9583.33,6000
"521",10,715,36,5000,12000
"540",7.49,730,36,5666.67,8000
"545",10.75,720,36,6000,6000
"548",14.65,725,60,6733.33,20400
"550",11.14,715,36,6250,16100
"556",13.98,720,60,5416.67,25000
"558",14.65,710,36,2791.67,10000
"563",7.9,710,36,8666.67,5000
"567",8.94,720,36,4500,3000
"572",11.49,730,36,3125,5000
"576",7.29,725,36,5416.67,5000
"577",11.71,730,60,4791.67,19000
"580",7.62,720,36,1083.33,6075
"589",7.51,735,36,3500,3000
"594",11.14,720,36,4416.67,10750
"611",16.29,725,60,7055,32000
"617",10.65,720,36,9083.33,15000
"621",6.62,735,36,3583.33,9500
"627",9.76,710,36,8750,14000
"632",14.33,710,36,2916.67,10050
"633",7.9,720,36,1500,4800
"636",10.16,720,36,4750,18200
"637",13.35,710,36,9160,20000
"639",11.83,715,36,4833,9000
"640",18.25,725,60,8083.33,35000
"641",7.51,735,36,6000,1900
"642",13.67,710,36,5166.67,20000
"645",12.12,710,36,8750,12000
"646",8.63,730,36,7500,10000
"647",7.9,730,36,2833.33,11575
"648",6.62,720,36,8161.33,20000
"652",6.91,735,36,9208,20000
"653",13.99,720,60,6083.33,22000
"656",7.66,725,36,6354,10400
"657",15.28,720,60,3000,15875
"658",12.12,730,60,8333.33,18000
"659",8.9,710,36,5000,8000
"665",7.9,735,36,4166.67,3600
"678",11.49,725,60,4166.67,12800
"679",7.9,725,36,5166.67,8000
"680",9.99,710,36,2333.33,3000
"681",7.9,725,36,12500,7000
"685",7.9,720,36,4416.67,6000
"696",10.62,720,36,5000,12000
"698",11.83,725,36,4810.08,16500
"714",8.9,715,36,4000,14675
"715",11.14,710,36,3200,5000
"722",19.72,710,60,8333.33,23750
"725",17.27,710,60,3583.33,16950
"726",11.14,715,36,4333.33,3000
"728",7.49,715,36,5833.33,6000
"737",6.99,735,36,5833.33,11600
"738",13.99,715,60,4166.67,12000
"739",11.26,720,36,7666.67,13000
"746",17.27,725,36,5833.33,8000
"752",7.9,720,36,1916.67,6250
"762",10.74,720,36,2166.67,13000
"764",9.91,730,36,3333.33,17475
"771",12.69,720,60,22916.67,25000
"774",10.65,720,36,4000,7800
"775",7.9,710,36,7083.33,25000
"777",12.99,710,60,9166.67,12000
"780",16.29,710,60,5083.33,16000
"783",10.16,730,36,3400,2200
"784",10.25,730,36,8333.33,14000
"786",9.91,730,36,4750,11425
"788",8.49,730,36,6333.33,5425
"795",13.99,725,60,3500,16400
"800",9.76,710,36,5416.67,10000
"802",13.85,720,36,6620,5525
"805",11.48,715,36,3833.33,4000
"806",13.11,735,36,5000,13000
"815",11.14,725,36,2500,10000
"820",14.91,720,60,4407,15000
"828",7.49,730,36,2900,6250
"829",9.91,725,36,3333.33,18000
"831",14.09,710,36,4583.33,20000
"837",13.99,730,60,3750,21850
"848",11.71,720,36,10416.67,20000
"854",10.36,720,36,8533.33,25000
"862",10.99,720,36,12083.33,12000
"863",19.05,735,36,13750,35000
"870",12.12,715,36,2250,13475
"874",6.54,725,36,7500,9500
"878",14.27,735,60,4833.33,27000
"892",13.67,730,60,7500,10800
"895",7.62,725,36,4333.33,3500
"896",12.53,725,36,18750,24250
"897",14.33,715,60,5000,19000
"908",16.29,735,60,13666.67,30000
"909",6.54,730,36,6916.67,10000
"910",7.9,720,36,7500,6000
"918",7.62,735,36,7666.67,11000
"924",8.9,730,36,7083.33,20000
"926",11.83,730,36,5417,8000
"929",14.33,710,36,4333.33,20675
"935",10.59,720,36,9000,21600
"937",7.9,710,36,10416.67,6000
"938",7.62,720,36,4333.33,8500
"943",15.23,730,60,8917,25000
"944",13.99,710,60,3083,5000
"947",6.62,730,36,3000,5375
"954",11.71,725,36,7250,16500
"959",13.11,710,36,6250,24175
"960",7.9,720,36,3583.33,2800
"963",10.16,710,36,2946.67,7125
"967",12.12,710,36,4166.67,10000
"970",12.69,725,60,10000,24000
"975",13.48,710,36,3800,5000
"989",12.69,710,36,4583.33,24000
"993",7.66,725,36,3600,4000
"1000",8.63,730,36,2600,5000
"1004",10.74,720,36,2083.33,8400
"1007",12.12,720,36,3166.67,15000
"1008",13.23,735,60,3500,17500
"1017",10,735,60,4000,5000
"1018",8.9,715,36,2583.33,10300
"1026",8.9,725,36,5750,16000
"1028",6.62,735,36,13166.67,10000
"1034",14.65,730,60,4583.33,15000
"1043",10.16,710,36,8054.5,12000
"1047",11.71,720,36,5500,10000
"1048",13.11,710,36,4958.33,10000
"1052",12.41,720,36,3750,16750
"1058",10.25,730,36,5916.67,10000
"1062",9.91,720,36,7916.67,21200
"1066",11.14,735,60,6250,24925
"1071",18.49,715,60,7666.67,25000
"1075",12.18,715,36,5292,17000
"1078",8.9,715,36,3000,5000
"1080",13.23,730,60,5683,12000
"1083",18.64,720,60,5833.33,30000
"1087",10.16,710,36,4285.5,10000
"1089",10.16,715,36,5850,18775
"1091",13.99,720,60,4416.67,25450
"1097",7.9,720,36,5000,9975
"1099",10.59,710,36,8333.33,10000
"1104",9.76,725,36,3833.33,19000
"1105",11.89,720,36,1750,6500
"1110",9.2,730,36,13750,10000
"1118",8.9,725,36,3333.33,17325
"1119",18.49,720,60,8606.56,25000
"1132",10.65,720,36,3200,14000
"1134",13.49,720,60,2500,10000
"1142",13.98,715,60,3145.83,14000
"1144",12.12,715,36,3583.33,19200
"1148",17.99,715,60,14000,35000
"1152",11.99,720,60,4166.67,12000
"1163",12.12,710,36,10416.67,12000
"1166",10.16,710,36,5925,18000
"1169",7.9,715,36,2100,6000
"1172",7.9,725,36,3333.33,10625
"1175",13.11,715,36,4833.33,25800
"1177",11.58,715,36,3333.33,12000
"1179",12.12,710,36,3816.67,10000
"1184",11.83,720,36,10250,12000
"1186",7.9,710,36,7247,3500
"1189",17.58,725,60,7110.42,10400
"1191",14.33,720,60,5000,18800
"1195",19.99,710,60,4416.67,3000
"1198",7.88,730,36,5500,6000
"1203",7.9,730,36,6666.67,10000
"1207",13.11,710,36,3166.67,14675
"1210",12.69,735,60,4500,20000
"1215",14.27,710,60,5333.33,21000
"1229",11.49,725,36,25000,25000
"1232",16.49,710,60,5000,20000
"1233",7.91,730,36,3166.67,5600
"1235",8.9,715,36,12500,6000
"1237",14.09,710,36,4583.33,24375
"1238",12.12,715,36,6500,25225
"1240",17.77,710,36,8333.33,30225
"1242",15.65,735,60,6308.75,35000
"1243",9.76,725,36,2375,7575
"1245",15.81,725,60,10000,24000
"1252",7.9,730,36,7258.33,20000
"1259",10.59,730,36,5150,15000
"1266",10.16,715,36,11000,4325
"1269",10.16,720,36,6250,12000
"1279",12.12,715,36,5791.67,24000
"1284",7.9,725,36,4166.67,5000
"1295",7.9,725,36,5500,5000
"1298",12.12,715,36,3916.67,22000
"1310",7.62,735,36,7416.67,10000
"1314",7.9,715,36,6000,7000
"1318",14.65,710,36,4000,15775
"1320",9.91,710,36,4166.67,3000
"1327",6.62,730,36,6166.67,2500
"1329",8.9,730,36,12500,9000
"1333",10.16,710,36,8333.33,7550
"1335",11.26,730,36,4333.33,12500
"1337",13.11,720,36,7238.92,20000
"1338",14.61,730,36,3000,15000
"1339",8.9,730,36,10500,18000
"1360",12.99,725,60,3167,14675
"1370",11.14,720,36,1833.33,1750
"1375",7.9,720,36,5416.67,5875
"1378",9.62,730,60,6666.67,12000
"1379",12.12,720,36,13933.33,35000
"1380",5.79,735,36,2800,4800
"1382",13.06,735,36,11500,25000
"1386",8.9,720,36,10000,13600
"1391",13.11,725,60,3750,11575
"1393",7.62,735,36,2500,5000
"1395",7.9,720,36,6250,7000
"1396",14.5,715,36,6916.67,20000
"1397",6.92,735,36,4583.33,7000
"1399",7.9,725,36,7750,6000
"1400",7.66,735,36,21666.67,14000
"1403",7.29,720,36,11667,12000
"1409",7.49,715,36,2462.75,6000
"1411",8.9,730,36,3000,2000
"1416",13.11,715,36,7916.67,6950
"1419",7.88,725,36,5833.33,5000
"1424",12.61,725,60,5166.67,12800
"1427",12.42,730,36,27083.33,28000
"1428",21,710,60,8666.67,30000
"1431",10.65,720,36,5833.33,12000
"1434",11.11,720,60,1820,7500
"1438",10.38,725,36,10533.33,13000
"1440",6.62,710,36,10833.33,20800
"1444",12.12,715,36,6250,16000
"1445",7.9,720,36,3320.83,11700
"1450",8.9,715,36,7083.33,2200
"1455",7.49,735,36,3166.67,10000
"1476",8.9,720,36,3416.67,5375
"1480",16.77,730,60,4416.67,26000
"1483",14.42,720,36,5833.33,18000
"1493",7.9,730,36,5416.67,12000
"1508",11.71,725,60,4000,12000
"1512",10.16,725,36,4000,19125
"1514",7.9,725,36,9166.67,8975
"1519",12.12,710,36,3941,18550
"1529",7.62,735,36,10416.67,4200
"1530",11.89,715,36,5000,15000
"1531",6.54,725,36,3333.33,1775
"1533",12.69,730,60,6250,14400
"1534",8.49,735,36,5416.67,16000
"1540",12.12,725,36,2833.33,11325
"1548",10.74,715,36,3200,13000
"1549",9.33,715,36,15000,5000
"1550",7.51,735,36,6400,6400
"1555",8.9,715,36,2583.33,2500
"1557",9.76,730,36,2500,14600
"1562",7.51,735,36,3750,12300
"1565",10.74,715,36,1100,1000
"1570",10.16,710,36,2333.33,6000
"1575",17.77,710,36,10192,30000
"1576",16.29,720,60,6250,20700
"1584",12.12,730,60,7583.33,18000
"1587",17.77,725,36,3291.67,8000
"1588",7.88,735,36,2000,1750
"1594",17.27,710,60,3916.67,20675
"1599",7.9,730,36,6666.67,5000
"1601",7.91,720,36,8500,11200
"1607",14.33,720,60,7083.33,20000
"1613",11.99,725,60,4167,5000
"1620",11.48,735,36,3833.33,8000
"1628",7.9,735,36,3083.33,17000
"1632",12.12,710,36,11166.67,12000
"1634",7.62,730,36,8333.33,7200
"1636",17.27,710,60,6737.5,19750
"1637",14.91,725,60,3476.8,21000
"1639",7.49,725,36,1482.92,2650
"1647",7.14,730,36,4916.67,3000
"1648",10.25,720,36,9166.67,15000
"1656",7.9,720,36,3333.33,5000
"1676",11.14,715,36,6650,20000
"1677",7.88,710,36,3750,4800
"1680",6.62,730,36,3416.67,7300
"1681",7.9,730,36,3000,8450
"1694",11.71,725,36,7167.92,2200
"1699",11.86,730,60,6166.67,15000
"1703",6.91,715,36,1500,3600
"1704",7.62,730,36,14166.67,28000
"1707",13.67,710,36,10700,21000
"1716",18.25,720,60,4416.67,26500
"1718",8.9,735,36,17500,20000
"1723",11.99,725,36,7000,23000
"1730",7.88,715,36,6000,1000
"1734",14.09,720,36,2666.67,10750
"1742",7.9,720,36,7000,7275
"1744",11.86,730,36,5250,25000
"1749",6.62,730,36,12500,12000
"1750",13.67,710,36,5000,4200
"1758",13.98,720,60,10833.33,25000
"1761",11.48,715,36,3750,9000
"1762",16.02,710,60,7388.42,15800
"1768",8.88,725,36,6041.67,22000
"1772",8.9,720,36,5416.67,7000
"1777",10.65,710,36,2833.33,10000
"1782",11.99,715,60,7291.67,13075
"1783",7.9,710,36,2916.67,7000
"1788",10.74,725,60,8000,9600
"1790",6.91,715,36,5166.67,1500
"1794",7.9,710,36,9125,16750
"1797",13.99,715,60,4166.67,12000
"1803",10.99,725,36,7333.33,5000
"1808",18.55,715,60,6500,27000
"1809",13.11,720,60,4853.33,20000
"1810",10.16,710,36,4166.67,10000
"1811",8.49,715,36,6666.67,10000
"1826",14.33,710,36,5416.67,25000
"1828",7.9,720,36,6333.33,4800
"1829",14.33,725,60,3333.33,16475
"1830",7.9,725,36,3750,8000
"1837",7.9,725,36,2883.33,6000
"1840",10.74,720,36,3750,10000
"1848",8.9,715,36,4154.17,12500
"1854",7.62,725,36,1750,5000
"1862",7.62,730,36,11250,28000
"1871",10.38,715,36,4200,5000
"1874",11.71,710,36,5800,10000
"1883",7.9,725,36,6500,9600
"1887",12.69,730,36,1600,4000
"1890",7.29,725,36,2208.33,1900
"1893",12.69,730,60,4500,15000
"1897",7.88,735,36,3090.5,7300
"1902",11.14,715,36,4000,11100
"1905",12.12,715,36,8750,24000
"1910",11.14,715,36,5100,18000
"1917",7.9,720,36,3458.33,3000
"1923",7.9,710,36,1300,1200
"1927",16.29,715,60,4628,21850
"1931",14.27,720,60,3302,13000
"1938",10.38,720,36,2800,8000
"1939",10.65,735,36,18750,35000
"1947",17.49,710,60,4166.67,13800
"1949",10.99,735,36,7000,8000
"1952",12.23,730,60,5833.33,24250
"1953",6.91,715,36,3000,7000
"1956",14.33,715,60,8333.33,21000
"1958",10.74,720,36,3458.33,9600
"1964",7.9,710,36,2750,6900
"1967",7.9,725,36,5833.33,12000
"1970",10.38,720,36,2300,6000
"1972",12.23,715,60,5833.33,16500
"1976",6.62,710,36,9583.33,7500
"1983",10.74,710,36,5416.67,10000
"1984",6.91,710,36,5200,12000
"1991",7.49,715,36,3691.67,4325
"1993",10.16,710,36,2916.67,12000
"1994",8.9,710,36,7500,6575
"1995",10.16,710,36,5166.67,9000
"1996",8.88,710,36,5250,4500
"2009",10.59,710,36,2666.67,4800
"2011",10.16,710,36,5166.67,6000
"2013",13.61,715,60,7750,24000
"2027",13.11,720,36,10666.67,17000
"2032",11.14,715,36,4389.92,9600
"2036",11.86,735,60,4166.67,20000
"2038",11.14,735,60,9166.67,20000
"2041",7.9,735,36,10400,20000
"2042",11.49,720,60,3333.33,12800
"2044",7.51,735,36,7166.67,12000
"2053",7.49,715,36,2100,6000
"2061",6.62,735,36,3500,12375
"2062",16.29,720,60,6666.67,30000
"2067",17.49,725,60,16133.33,35000
"2069",12.42,730,60,12083.33,35000
"2109",8.9,725,36,4166.67,3000
"2112",11.12,710,36,4000,7350
"2113",10.74,720,36,5000,10000
"2118",11.14,715,36,12083.33,10000
"2126",12.87,715,36,8333.33,10000
"2137",7.49,730,36,2416.67,9200
"2140",7.49,720,36,2100,8250
"2141",7.49,710,36,1666.67,1200
"2155",13.11,720,60,3333.33,11200
"2158",6.03,735,36,7916.67,18000
"2169",11.71,720,36,2166.67,5375
"2171",13.23,730,36,6666.67,19800
"2178",20.49,715,60,18750,35000
"2183",6.54,725,36,3250,4500
"2203",7.9,725,36,8666.67,20000
"2204",13.49,730,60,3200,15350
"2206",7.49,720,36,2700,4500
"2208",7.9,725,36,2583.33,15000
"2216",7.9,710,36,4300,7200
"2222",6.62,735,36,2000,3600
"2227",10.99,735,60,3416.67,12000
"2242",11.14,720,36,6666.67,12000
"2244",17.27,730,60,5416.67,33600
"2253",8.59,735,36,3250,5600
"2255",8.49,720,36,3000,5000
"2257",10.75,710,36,1750,4800
"2258",18.75,710,60,5250,24925
"2265",9.63,730,36,9166.67,5000
"2266",13.23,735,60,6666.67,25000
"2276",8.9,735,36,5000,9500
"2278",9.76,725,36,2916.67,10000
"2279",11.89,735,36,2917,6000
"2298",11.99,720,60,4583.33,14000
"2301",16.29,720,36,6666.67,3625
"2307",11.89,725,36,7250,6000
"2315",12.42,715,36,2000,4400
"2319",14.27,715,36,9166.67,30000
"2325",14.26,720,36,2240,4900
"2326",11.99,710,36,10408,14400
"2331",8.9,720,36,4416.67,8000
"2333",8.49,730,36,6706.41,5000
"2334",11.49,720,36,2666.67,4000
"2337",13.49,725,36,5000,7200
"2352",7.91,725,36,3500,12000
"2361",7.9,725,36,2333.33,7200
"2363",14.96,730,60,2500,20500
"2369",18.25,725,60,5666.67,35000
"2370",7.74,735,36,5666.67,3600
"2371",11.49,715,36,7500,20000
"2374",9.91,710,36,5000,10000
"2376",7.9,725,36,7083.33,8000
"2378",6.03,725,36,13000,12000
"2380",16.29,710,36,7083.33,28000
"2381",13.67,710,36,6250,15575
"2382",12.12,710,36,6666.67,10500
"2387",12.69,710,36,6166.67,20000
"2406",6.92,725,36,3333.33,5000
"2408",11.14,710,36,4333.33,8000
"2412",20.49,710,60,8416.67,28000
"2414",8.9,735,36,9583.33,15000
"2417",10.59,730,36,8333.33,10000
"2424",7.88,720,36,4985,3700
"2437",14.79,710,60,3000,9500
"2446",8.9,725,36,4666.67,16200
"2448",18.49,715,60,6000,25875
"2451",14.79,710,60,6166.67,14000
"2457",17.27,710,60,4166.67,21850
"2460",11.14,720,36,3916.67,10000
"2461",14.09,710,36,19583.33,20000
"2462",7.9,720,36,3333.33,1000
"2464",7.9,735,36,2666.67,15000
"2468",7.29,730,36,2333.33,9800
"2469",7.29,715,36,6333,3500
"2478",8.9,730,36,25000,17500
"2479",11.71,725,36,5416.67,20000
"2483",7.51,720,36,7075.5,4500
"2491",11.71,710,36,4500,10000
"2492",7.62,720,36,3983.33,8475
"2493",10.08,710,36,5166.67,6400
"18",10.37,740,60,4333.33,14000
"20",9.99,760,60,3750,5200
"29",8.59,765,36,4167,3000
"30",7.9,760,36,3958.33,14500
"36",7.9,780,36,5583.33,8000
"38",7.62,830,36,3750,20125
"49",7.49,785,60,4600,5450
"51",10.38,750,60,3750,8800
"60",8.59,755,36,4583.33,1000
"77",6.76,790,36,2666.67,4500
"82",7.62,760,36,5833.33,3225
"87",8.9,810,36,3041.67,4200
"89",7.51,750,36,4800,6000
"92",7.62,765,36,6000,16000
"96",6.62,750,36,10000,7000
"97",5.99,765,36,10000,4500
"103",6.62,740,36,5250,12000
"106",7.62,765,36,3500,8000
"111",7.9,775,36,18333.33,35000
"112",6.03,815,36,9583.33,9000
"113",6.17,745,36,4234,4000
"119",6.03,765,36,6000,14000
"124",8.49,760,60,9000,14000
"137",6.62,805,36,10000,34500
"138",5.79,745,36,12500,10000
"139",9.88,740,36,4500,3200
"161",6.92,745,36,3000,8400
"162",7.9,740,36,4500,15000
"176",10.38,750,60,3000,7200
"177",7.9,800,60,4000,4000
"178",11.14,740,36,8333.33,5300
"186",6.03,745,36,6100,8500
"188",8.59,740,36,5000,6200
"191",13.11,745,60,8333.33,19200
"196",6.17,745,36,5733.58,2000
"197",10.59,755,60,4000,18000
"198",11.48,790,36,11666.67,20800
"203",8,750,36,7583.33,7000
"206",8.94,750,36,4750,12000
"208",7.9,755,36,4625,20000
"219",11.14,760,36,7916.67,15200
"226",6.03,750,36,6250,9600
"236",12.84,750,36,3500,20000
"240",6.99,760,36,3333.33,3300
"243",7.74,750,36,5166.67,5000
"245",6.62,750,36,5750,13250
"246",8.59,790,36,10167,10000
"247",10.75,740,36,8416.67,20000
"251",8.94,760,36,4200,11000
"261",5.99,750,36,3000,8400
"264",10.99,800,36,7083.33,7500
"265",9.62,805,60,7695.08,24000
"282",6.62,780,36,3000,8000
"293",6.03,750,36,2916.67,4000
"294",11.71,745,60,5416.67,20000
"298",6.62,775,36,7125,12000
"299",8.9,750,36,4166.67,17600
"303",6.62,800,36,16083.33,16800
"304",10.38,755,60,2738.67,6500
"305",7.9,790,36,12083.33,35000
"307",9.91,750,36,3166.67,5000
"310",7.9,770,36,12083.33,35000
"312",7.9,795,36,6250,17000
"318",14.33,740,60,1500,4750
"321",6.03,785,36,12083.33,5000
"322",11.99,755,60,3583.33,12000
"334",10.38,755,60,5000,9500
"335",5.79,780,60,4166.67,12000
"341",5.42,785,36,7466.83,4800
"352",5.99,790,36,5000,5075
"355",13.49,760,60,15583.33,35000
"358",7.9,740,36,7083.33,16000
"367",7.43,800,36,NA,5000
"369",6.62,740,36,5208.33,10000
"373",5.42,770,36,3750,4075
"374",10.75,755,60,3584.62,14500
"379",6.03,790,36,3416.67,7200
"399",6.62,780,36,5000,5000
"400",11.71,775,60,2750,16500
"403",6.03,755,36,2940.25,10000
"409",6.62,750,36,5833.33,5600
"436",5.79,760,36,4666.67,4000
"444",6.91,760,60,4583.33,23000
"463",9.63,780,60,5000,16000
"472",13.11,740,60,4833.33,28625
"474",9.76,780,60,7083.33,7500
"507",9.99,745,60,1958.33,15000
"515",11.14,760,36,6333.33,17000
"516",10.74,745,60,5000,7350
"517",10.25,775,36,4841.67,10000
"519",7.14,760,36,3807.64,7000
"522",6.03,750,36,2583.33,4225
"524",6.76,755,36,4750,2500
"527",6.03,750,36,7083.33,6000
"532",9.32,775,36,2083.33,5000
"542",7.62,740,36,2916.67,5000
"549",6.62,740,36,3333.33,9000
"559",11.89,740,36,5050,20000
"561",9.76,740,36,5416.67,17000
"568",6.17,770,60,1667,5000
"590",10.16,760,36,9220,35000
"591",6.99,750,36,2250,1700
"592",7.51,790,36,4833,8800
"593",12.18,740,36,8910.42,24250
"602",7.88,780,36,10417,15000
"610",7.9,800,36,7000,28000
"613",8.9,750,60,3750,7200
"615",5.42,790,36,6333.33,4800
"624",6.03,740,36,6666.67,12300
"625",7.51,755,36,4250,24000
"629",9.63,785,36,3500,13000
"660",14.33,760,36,4166.67,12000
"661",6.54,795,60,5000,20000
"673",6.03,745,36,7500,14000
"676",6.17,745,36,1600,2000
"686",7.74,785,36,1500,6500
"701",11.09,745,36,18333.33,21000
"707",6.03,780,36,7333.33,16000
"717",7.62,775,36,5666.67,12000
"736",6.17,770,36,8083.33,20000
"779",10.59,745,60,3958,2500
"781",15.31,745,60,5666.67,25000
"792",13.11,745,36,5833.33,26500
"799",12.18,745,36,1125,8000
"807",9.63,790,36,4250,8000
"808",10.08,755,36,7916.67,25000
"809",10.25,750,36,7083.33,20000
"816",6.03,780,36,4766.67,7750
"825",10.36,765,60,3333.33,25000
"833",6.62,790,36,9833.33,12000
"834",11.12,775,60,5686.67,24000
"836",6.99,745,36,3750,5000
"841",7.29,740,36,6048,9600
"843",11.49,780,60,3333.33,25000
"844",7.9,810,36,13416.67,30000
"849",7.9,765,36,2300,7000
"850",10.62,760,36,2416.67,20000
"856",6.62,765,36,4166.67,9000
"865",6.03,750,36,5000,9000
"868",6.62,770,36,12500,14400
"872",6.62,740,36,5833.33,12000
"875",10.38,780,60,3791.67,12000
"877",8.9,745,36,1558.33,3600
"883",7.51,785,36,10416.67,30000
"885",6.62,740,36,4166.67,8500
"886",7.9,745,36,13100,14400
"887",7.14,765,36,3750,8000
"894",6.03,770,36,6583.33,4000
"902",5.42,780,36,7500,10000
"904",9.32,780,36,4166.67,12500
"919",7.14,750,36,3916.67,5500
"920",7.9,770,36,2916.67,15000
"922",8.07,760,36,5100,7200
"931",7.66,740,36,5416.67,12000
"933",8.9,760,36,2833.33,4750
"951",13.11,740,60,2500,8800
"953",5.79,765,36,6700,12000
"955",11.71,755,60,6250,25000
"964",8.32,750,36,6666.67,10000
"969",7.62,765,36,7500,3500
"972",10.16,765,36,9583.33,30000
"977",13.43,745,60,5000,16000
"980",15.23,760,60,10000,35000
"982",12.18,740,36,5000,24250
"983",6.03,790,36,12916.67,16000
"985",11.12,750,60,8500,17000
"986",7.75,760,36,666.67,5400
"996",7.9,755,36,6916.67,19725
"1001",6.62,760,36,4333.33,9600
"1006",7.88,790,60,19583,20000
"1009",12.12,790,60,8750,32400
"1012",7.88,745,36,4738.67,12300
"1039",5.42,785,36,2583.33,7500
"1040",7.88,785,36,11666.67,24000
"1045",5.99,765,36,6666.67,9800
"1049",11.99,745,60,4666.67,17000
"1061",7.9,760,36,3416.67,4700
"1068",6.03,780,36,3500,9100
"1081",7.9,760,36,4583.33,16500
"1082",11.89,745,36,6000,18000
"1093",5.99,760,36,7250,8000
"1100",12.12,750,60,5833.33,30000
"1103",7.51,805,36,3208.33,6500
"1111",11.14,795,60,3250,10000
"1121",6.62,765,36,4416.67,12000
"1122",6.03,765,36,3125,5000
"1123",9.99,750,36,4583.33,14000
"1125",8.9,765,36,2750,10750
"1126",12.99,740,60,8333.33,24000
"1129",5.99,740,36,2500,3300
"1131",16.89,745,60,5416.67,35000
"1133",8.9,755,60,8333.33,18000
"1136",5.79,765,36,8000,12000
"1141",11.99,755,36,8750,12100
"1143",5.99,770,36,2666.67,4900
"1146",7.88,760,36,3333.33,12000
"1153",6.76,755,36,3350,4000
"1156",9.07,750,36,5000,7500
"1161",6.62,790,36,10333.33,20000
"1162",10.74,740,36,8300,35000
"1165",7.9,750,36,15000,20000
"1167",7.51,765,36,2430,8000
"1171",13.67,745,60,6666.67,20950
"1173",10.16,755,60,3500,9000
"1174",11.48,745,36,4166.67,20000
"1176",6.62,760,36,4166.67,10000
"1190",7.14,755,36,2916.67,7500
"1193",6.62,750,36,6300,8500
"1202",7.9,770,36,6500,31050
"1205",7.9,740,36,2500,13250
"1208",10,745,36,2375,7000
"1216",6.03,755,36,4944.92,12500
"1224",13.11,775,36,5000,25000
"1228",10.65,745,60,5200,20000
"1234",7.9,750,36,10400,20000
"1241",7.4,770,36,3352,7000
"1247",10.75,755,60,8500,9250
"1251",6.03,760,36,7500,12000
"1260",5.99,765,36,3644.83,4500
"1278",6.62,755,36,10833.33,10000
"1287",11.14,775,36,4548.83,19000
"1289",7.62,750,36,6750,25000
"1291",8.59,760,36,3583.33,9800
"1292",8,765,36,5000,6000
"1294",6.62,760,36,4853.33,10500
"1296",7.9,810,36,5416.67,17500
"1299",5.79,750,36,5520,5000
"1309",5.42,800,36,4250,6000
"1312",7.49,745,36,18750,5000
"1315",10.2,800,36,4583.33,3000
"1319",10.59,765,36,22916.67,30000
"1322",9.76,785,60,5416.67,26500
"1326",6.03,800,36,7917,4000
"1330",6.03,750,36,6250,6600
"1334",7.74,775,36,7083.33,10000
"1340",8.9,785,36,3000,5400
"1342",5.79,770,36,5833.33,8000
"1344",6.92,780,36,7083.33,7200
"1347",13.16,755,36,2583.33,15000
"1349",6.76,760,36,6875,2575
"1354",6.03,780,36,8333.33,10000
"1356",6.03,760,36,3200,8400
"1363",9.32,755,36,3300,8250
"1366",10.62,750,36,11166.67,25000
"1368",6.62,755,36,6750,9000
"1369",8.9,740,36,6000,6500
"1371",5.42,750,36,2833.33,5000
"1383",7.62,785,36,9333.33,1000
"1388",10.37,750,36,5250,15000
"1392",7.4,780,36,6000,5000
"1398",10.25,760,36,7833.33,20000
"1407",15.58,785,60,5666.67,25000
"1410",11.49,765,60,5623.33,10000
"1414",9.63,745,36,6250,12000
"1415",7.29,765,36,5133.33,4200
"1417",7.51,765,36,10916,6000
"1421",10.75,785,60,5761,15000
"1423",7.68,790,36,3417,4000
"1425",8.9,795,60,9866,12000
"1435",6.03,760,36,2750,7000
"1442",6.03,750,36,2500,10050
"1447",5.42,800,36,10000,14500
"1449",6.62,750,36,11250,13600
"1464",12.84,760,36,8666.67,25000
"1468",8,790,36,11250,10800
"1472",7.49,740,36,5580,23400
"1473",7.9,745,36,4500,10375
"1479",15.31,745,36,1666.67,1625
"1497",9.25,760,60,4833.33,8400
"1509",12.12,755,60,5250,31500
"1515",6.03,780,36,6250,6000
"1521",6.03,775,36,6666.67,6000
"1536",5.79,745,36,5416.67,3000
"1537",7.9,750,36,4333.33,20000
"1551",7.9,745,36,3333.33,3825
"1559",7.9,770,36,5500,2200
"1571",7.75,765,36,4158,7000
"1578",7.9,755,36,3166.67,8000
"1580",6.62,745,36,7083.33,12000
"1582",10.99,750,60,5666.67,18000
"1586",7.62,775,36,5333.33,21000
"1589",8,795,36,3750,7500
"1593",6.99,740,36,3583.33,3800
"1605",5.79,750,36,3958.33,2700
"1608",6.62,805,36,4166.67,6000
"1611",13.49,740,60,13333.33,18000
"1616",7.9,755,36,5000,20000
"1619",6.03,750,36,4166.67,3000
"1621",10.99,740,60,6517,13000
"1622",6.03,815,36,3500,8000
"1624",12.53,780,36,5200,20000
"1629",6.62,765,36,3750,10000
"1635",8.32,740,36,3333,6500
"1643",6.62,760,36,5000,6000
"1644",7.9,790,60,6666.67,12000
"1650",9.88,755,36,3333.33,12000
"1652",7.66,745,36,4583.33,11700
"1655",7.14,760,36,4500,6000
"1658",10.36,755,60,7916.67,25000
"1659",7.62,810,36,25000,23000
"1661",7.88,765,60,1600,4800
"1664",7.9,820,36,2916.67,7500
"1686",11.83,810,36,12500,24500
"1689",8.94,775,36,10000,17000
"1698",6.03,815,36,5416.67,16500
"1711",7.74,775,36,10000,7500
"1713",7.88,755,36,10000,15000
"1717",11.14,745,36,8333.33,15800
"1720",7.62,760,36,6833.33,24000
"1727",7.9,775,60,5833.33,12700
"1735",7.9,740,36,6250,13600
"1738",8.9,740,36,6666.67,30000
"1753",10.95,750,36,6666.67,15000
"1767",7.49,755,36,4250,18000
"1771",7.62,770,36,10833.33,20000
"1773",14.09,750,60,7236.67,15000
"1774",10,805,60,2333.33,10000
"1781",10.83,745,36,7500,7500
"1784",7.49,800,36,2500,3000
"1798",7.51,755,36,4333.33,5000
"1804",11.99,740,60,4500,20000
"1807",11.49,750,60,10000,9000
"1812",6.03,755,36,4250,8000
"1813",7.49,740,36,5416.67,12000
"1815",6.03,780,36,2740.5,11875
"1819",6.54,755,36,9583.33,24000
"1849",6.62,745,36,3666.67,8000
"1852",7.62,805,36,102750,33000
"1853",6.99,810,36,9083.33,15000
"1857",14.09,740,60,5416.67,20375
"1859",6.03,805,36,12750,16000
"1866",5.42,775,36,3664.25,4600
"1867",6.99,790,36,5833.33,8000
"1869",14.33,740,60,5000,19050
"1873",6.03,760,36,5208.33,5800
"1881",9.63,750,36,3000,12000
"1886",7.88,745,36,3778.67,16750
"1891",7.9,755,36,5208.33,22500
"1892",8.49,780,60,4425.17,12000
"1898",13.11,740,60,7250,25000
"1903",10.74,760,60,4166.67,17000
"1908",6.62,745,36,4250,14000
"1909",7.62,745,36,2083.33,3250
"1912",6.03,785,36,2083.33,5000
"1926",7.9,780,36,15000,21700
"1936",7.51,760,36,4300,10000
"1941",6.03,775,36,8333.33,9000
"1943",13.11,750,60,7083.33,18000
"1945",6.62,755,36,6250,15000
"1951",6.62,815,36,7291.67,4800
"1959",8.88,795,60,4000,12000
"1974",14.33,750,36,2916.67,4000
"1977",8.49,745,36,4500,12000
"1982",6.92,755,36,7083.33,5000
"1985",9.32,745,36,5000,7000
"1986",7.49,755,36,5416.67,4000
"1990",5.42,780,36,3936,8000
"1997",10.25,750,36,10000,20000
"2001",10.59,740,36,8750,15000
"2018",12.21,750,36,5833.33,20800
"2023",7.49,740,36,2500,3600
"2029",7.4,805,36,4158,2800
"2030",6.03,790,36,6750,12375
"2035",6.03,770,36,14166.67,9000
"2043",6.03,780,36,3666.67,6000
"2048",13.11,755,60,20416.67,30000
"2051",7.9,750,36,10166.67,24000
"2052",10,745,60,11333.33,14000
"2055",7.9,795,36,7300,8000
"2059",10.65,745,60,15000,29000
"2060",6.03,805,36,2333.33,5400
"2063",6.03,770,36,3033,5000
"2065",7.49,750,36,6280,7000
"2071",13.49,775,60,1375,8450
"2074",5.42,795,36,8000,10000
"2077",7.62,740,36,3750,5000
"2078",6.03,785,36,3416.67,12000
"2080",9.99,800,60,10500,13000
"2081",17.27,755,36,3583.33,4750
"2087",12.42,745,60,3225.23,19425
"2097",9.99,765,60,8083.33,24000
"2102",8.9,775,36,8750,35000
"2123",7.9,815,60,10666.67,16800
"2124",7.51,755,36,3000,7200
"2132",5.79,750,36,3083.33,1125
"2133",13.11,795,60,4806,28000
"2135",6.03,795,36,5416.67,5000
"2138",13.11,740,60,20833.33,35000
"2154",7.49,740,36,2583,5600
"2165",5.99,765,36,4000,4400
"2166",11.71,745,60,7500,35000
"2174",7.68,785,36,3666.67,2500
"2175",7.14,755,36,4166.67,5000
"2177",8.9,740,36,7500,15000
"2179",8.49,795,36,2166.67,4500
"2181",7.51,740,36,833.33,1450
"2182",14.96,760,36,7083.33,6000
"2184",6.62,750,36,4583.33,14000
"2185",6.03,800,36,12000,15000
"2186",10.99,760,60,5243.75,22000
"2192",8.94,785,36,3125,10000
"2196",7.62,765,36,4333.33,2000
"2212",6.03,765,36,7500,3000
"2215",11.11,765,60,2958.33,16000
"2220",10.62,745,60,5200,5000
"2223",9.63,755,36,5479,8800
"2226",5.99,780,36,2600,4350
"2241",10.75,795,60,8750,10000
"2243",7.51,750,36,1666.67,5000
"2264",7.9,760,36,1945,5300
"2267",11.89,745,36,5416.67,9250
"2268",10.75,775,60,7500,19000
"2269",6.03,750,36,5833.33,2000
"2274",9.63,760,36,9083.33,14000
"2283",9.07,740,36,2667,6600
"2306",6.03,795,36,4166.67,15675
"2309",7.9,765,36,9166.67,29000
"2311",8.94,740,36,4166.67,5000
"2318",6.03,770,36,8733.33,14000
"2320",12.42,745,60,4166.67,19600
"2328",5.79,750,36,6089.44,4200
"2329",12.68,785,60,7083.33,35000
"2339",7.9,745,36,5416.67,15000
"2342",8.59,810,36,7583.33,7900
"2344",7.68,780,36,5417,6000
"2348",6.62,750,36,9666.67,12000
"2349",6.99,780,36,2500,10000
"2359",6.62,805,36,9166.67,32550
"2362",7.62,805,36,2500,7125
"2366",10.37,785,60,5833.33,14000
"2375",7.51,765,36,3000,4500
"2385",7.29,740,36,6250,12000
"2386",11.83,755,36,12000,24250
"2389",6.03,775,36,13750,10000
"2396",7.88,800,60,4750,9000
"2397",14.09,750,60,6666.67,31825
"2399",8.94,815,36,2833.33,12800
"2400",13.99,745,60,4167,20000
"2410",6.99,775,36,5166.67,7000
"2411",6.03,790,36,5836.67,11000
"2413",10.99,740,36,12500,24000
"2422",5.79,760,36,5416.67,5000
"2429",13.49,745,60,4166.67,25000
"2438",9.88,750,36,3338,16750
"2445",6.62,750,36,11666.67,13000
"2447",8.9,740,36,5641.67,11400
"2453",7.9,765,36,7500,25000
"2454",10.16,780,60,5900,28200
"2466",6.03,755,36,3100,12000
"2470",10.74,755,60,6125,20000
"2472",7.9,770,36,5166.67,19000
"2481",6.03,760,36,5000,10000
"2482",6.62,810,36,9250,27000
"2486",10.75,765,36,7083.33,25000
"2497",14.09,740,60,8903.25,16000
